,question_title,answer_url,author_name,fans_count,created_time,updated_time,comment_count,voteup_count,content,V1,V2,sen_scores,sen_label
0,你后悔选择人力资源工作吗？,https://www.zhihu.com/question/375010303/answer/1831056707,灯下说书?262161,2021-04-12T06:43:51.000Z,2021-09-01T09:37:56.000Z,11,83,,先表明下答题资格吧：前人力资源从业者，非甲?HR，一直是乙方咨询顾问再抛结论：选择的时候不后悔，但后来转行了这要从当初选择这个行业的原因说起：曾经在你大学的专业是什么？毕业后的工作是怎样和专业结合的?回答里写过，上学时我希望去到互联网行业，做用户研究工作我希望生活的城市都没有互联网大厂，用研这种只有在总部有的职能自然不会在二线城市有机会。但学心理学这件事「来都来了」，半路放弃太不划算，所以在「我所在的城市有机会?「心理学相关」这两者的交集里选择了人才测评行业。入行后才知道，咨询顾问的岗位非常欢迎心理学专业的学生，因为业务的底层逻辑是心理测量学，因此觉得「学有所用」，不后悔。不后悔的另一个层面是，因为乙方的身份，能接触各种行业，了解他们的商业模式，甚至用人的特点和痛点，接触的人除了负责人力工作的客户，还有比较高层的管理者，和这些人的对话交流，都能学到不少知识。当然，题主的主要角色是甲方HR，而甲方HR工作最大的特点和难点有几点1、工作的「客户」是组织里的同事，无法选择不像我们，如果某家客户比较「奇葩」，做完项目可以不再打交道，甚至硬气一些的公司，会觉得某个项目的投产比不高，不再接某个客户的这类项目，或者想办法改变客户做项目的思路。毕竟咨询公司扮演的是专业角色，可以在专业层面尽力影响客户的决策?、做着看起来是「公司管理」的事，需要代表组织传递很多信息给员工，也不能忘掉自己是组织和员工中间桥梁的角色。这中间的度很难拿捏，很多人天然认为HR代表公司的利益，全都为公司说话，而在种种决策中忽略员工的感受。我也见过很棒的bp，尽力在组织和员工中间寻找平衡，帮员工发声，传递一线的声音。至于我为什么转行，当然是有个可以让我「回到」一开始就想去的互联网公司的机会摆在我面前，但在这之前我有很多的考虑。我所在的城市成都，人力资源服务类的公司不少，但也不多，大部分集中在外包、招聘服务层面，测评类的公司很少，并且我已经站在了天花板上。曾经我还盘算过人力资源四大（美世、翰威特、合益、韬睿惠悦）在蓉的办事处机会，发现当时（14-17年左右）只有翰威特有成都办事处，后来也关停了。以及传统四大（德勤、安永、普华永道、毕马威），这老四家，在成都都有分公司，其中有人力资源业务的是德勤和毕马威。如果我把德勤和毕马威作为咨询顾问职业道路的目标，那么我需要解决几个困难：1、语言问题作为一个六级擦边过，毕业后就完全丢掉英文的人来说，要把英文作为工作语言很有挑战，我需要重拾很多丢下的东西，并且之前也并不优秀?、咨询业务的范围拓展过去，我做的都是测评类业务，而传统咨询所谓的「老三篇」（绩效、薪酬、岗位）业务，我涉足甚少，从业务的跨度来讲，没有过经验，要进入四大的范围，有一定困难，当然也不绝对。后来我放弃了把英文作为工作语言的想法，挑战自己不擅长的领域实在困难，有工具帮我解决基本问题，没有必要再花精力去解决困难，尤其当下的中国互联网行业，对英文要求不高。说回题目，人力资源工作，不论甲乙方，天花板也确实摆在这里，尤其甲方更「难受」的一点是，不属于公司核心业务部门，难免重要性不被认可，如果所在公司的人力资源部门仅仅是执行老板意愿指令的团队，那么这个公司的HR同仁们也无法真正站在公司和业务的视角思考人才管理、组织管理，个人职业发展难免受限。一些来自乙方视角的思考，希望对题主有点帮助?, , ,0.00250597,-1
1,你后悔选择人力资源工作吗？,https://www.zhihu.com/question/375010303/answer/2097913843,梨花与虎,170623,2021-09-01T16:54:44.000Z,2021-09-19T09:22:27.000Z,59,275,我要说不后悔，那在大多数时间都是假的。甭管人力资源工作的学术高度有多高，被管理专家上升到战略层面云云，它在现实中多半都是打杂和背锅的。我可以这样讲，在公司上市以前，人力资源在所有公司内部都是边缘部门。一家公司的创立、生存和发展，总会有一个核心驱动力，要么是营销和市场，要么是产品和技术，也有可能就是单纯有钱，启动资?0个亿随便你烧。但我还从没听过哪家公司创立的初衷和发展的驱动力是“人力资源”。在一家企业的大部分生命周期内，按照各位理解本应属于人力资源部门的用人权、晋升权、考核标准、涨薪权、辞退权都不属于人力资源部本身，他们是被分散到最高决策者和各部门负责人身上的。用大白话讲，就是想招谁、想用谁、想提拔谁、想辞退谁、想给谁涨工资，这些职场上的实权都不掌握在搞人事的人手里。只有在需要擦屁股、洗地和收拾烂摊子的时候，才需要HR站出来，当仁不让的唱那出白脸。是的我懂，企业家在做大以后喜欢讲“最重要的资源是人”，但企业家口里的“资源”和人力资源角度上的资源不同。甚至他们嘴里的“人”和人力资源意义上的“人”也不一样。通常只有在一家公司引入多家投资人，形成复杂的股权关系；在“老板”不再直接参与经营和管理，在总经理职务由相对纯粹的职业经理人角色担纲，在体量规模和业务复杂程度超出创始团队的直接管理以后，人力资源角色才有可能摆脱工具人角色，开始发挥现代人力资源管理学意义上的作用。然而能走到这一步的公司又能有多少？大多数公司都是中小微企业，在这些企业里搞人力资源?，大多数人一辈子都进入不了权力核心，也赚不到什么钱，整天背锅、受气。混的好的能当个招聘、算工资和管劳动合同的工具人，混的不好的连保洁、订水和收发快递都兼着。我?0岁到28岁，先后在多家公司担任过行政人事专员、人力资源专员、薪酬绩效主管、招聘经理、HRM和HRD，这是我整个HR从业经历里的感触。（评论区有2位朋友说?年跳?次槽，肯定对每个岗位理解都不深。亲爱的，做?个岗位不等于换了6家公司啊~总不能干?年还是人事专员吧？）但是在转运营、带项目进而创业以后，我对人力资源工作的理解有了新的变化。业务和技术出身的老板，在公司发展初期会起到很重要的作用，他们往往能给公司带来大额订单，或者掌握专利技术，在产品研发里发挥关键作用。但是在公司站稳脚跟、谋求新的突破时，往往就会来到第一条门槛。业务条线出身的老板，经常会忽略流程、规则、激励、奖惩、法律、税务等方面的问题。他们习惯了亲自带队上阵冲锋，很难适应运筹帷幄、指挥调度的新角色。他们总是觉得离了自己这单业务就跑不下来，这款新产品就做不到完美，他们亲自参与每一项工作、为每一个决策拍板，自己累得要死，下属无所适从。他们往往还会不自觉的影响到内部的资源分配，毕竟做下属的谁不想把工作做到老板看得见的地方。因此其他重要但幕后的工作，就会形成真空。我见过无数的创业公司，死在这条门槛上。活下来的老板，毫无例外的会开始读书、从管理学书籍上寻找答案；开始思考流程和支点，开始和各路大佬烹茶论道，开始读MBA……总要死过一次，才能理解“人”是公司最重要的资源，是所有问题的答案，是公司前进的核心驱动力。而我因为做人力资源出身，也就是传统意义上的后勤工作，在很多年里都和业务一线保持一定的距离。我无法亲自上阵影响业务推进，只能通过人力调度、资源分配来为公司发展进一份力，这种间接参与业务的方式，让我在做项目和创业时轻易就跨过了上文提到的门槛。而在亲自参与一线业务工作以后，在独立创业以后，在感受到钱一分一厘从手里流失以后，我对人力资源工作的理解也更深刻了。原来站在HR角度看业务，像隔岸观火，现在亲自下场了，正如那句诗：绝知此事要躬行。当然，后来我发现创业也没什么鸟意思。干人力资源赚不到钱，创业更赚不到钱，做实业的利润比炒房和买基金差远了。于是干脆失业躺平，生活从此豁然开朗。＿＿＿＿＿＿＿更一下，有些HR朋友看完本文很介意，觉得我在诋毁人力资源工作，觉得我瞧不起HR，然而我并无此意。如果你一毕业就在世界100强、行业TOP3公司圈子里做事，那本文所述和你确实没什么交集。我说的很清楚，本文适用条件是中小微企业。中国不是只有北上广?个城市，也不是只有BATMH这些高大上的互联网公司，如果本文冒犯了你的工作和信仰，那我向你道歉?, , ,0.00108316,-1
3,你后悔选择人力资源工作吗？,https://www.zhihu.com/question/375010303/answer/2524675417,李观,13643,2022-06-11T13:51:30.000Z,2022-09-02T15:53:04.000Z,87,356,谈不上后悔，但必须承认人力资源这个领域内人和人真的差异极大，可以说冰火两重天了。大厂HRD或者COE资深专家可以叫HR，小公司人事行政也可以叫HR，但是不管是工作内容、地位待遇，都可以说不是一个岗位了。本人本硕都是人力，加上实习待过六七家公司，互联网大厂、金融券商保险、科技公司都待过，招聘配置、人才管理、组织发展、薪酬绩效、培训学发、HRBP都经历过，应该说有一定发言权了。这个专业其实是自己选的，武大经管培养方案是经济管理专业打通任选的，你可以在金融财政保险经济财会人管市营工管供应链管工里选择方向。当时理由也很简单，性格角度喜欢和人打交道，偏沟通的工作。理性角度，还是觉得未来高技术行业，最值钱的是人，最有管理重要性的也是人。现实角度，人力资源这个专业本世纪初才诞生，相对没有这么成熟，翻翻各大公司cfo、cho等的简历你就会发现，cho的要求往往低很多，尤其在学历等方面，但是薪酬差的不多。客观说这个行业起步晚，整体从业人员素质不高，往高走没有那么卷。当然了，这都是读书时不那么成熟的想法了。做人力资源，行业很重要。从管理的角度看，传统工业最重要最值钱的是生产资料，厂房设备物料，因此最为重要的是财会供应链，这个是大头。打螺丝的小工就几千的薪水，一年下来才多少成本，你再精细管理再激励发展也管不出花来。互联网金融科技行业员工都是动辄一年百万级的工资成本，大厂往往都几万员工，对公司来说，最大的成本其实是用人成本。这时候如何激励、调配、发展好员工，让他们产出更多价值，对公司来说是极重要的事。因此人力资源是一个极看行业的工作，行业里人才值钱，才需要精细管理，你才值钱。这就是为什么互联网金融的普通HR每月几万薪水，一般中小制造企业每月几千薪水的原因。做人力资源，企业规模很重要。一个几百人的公司和一个十几万人的公司，管理的复杂性和技术含量是完全不一样的。比如你做人才发展的绩效或者晋升模块，几百人的公司其实只是大厂一个团队而已，场景很单一，方案其实很好设计，理论上一个小BP就应该具备这样的能力。但是如果是一个十几万人横跨各个行业各种职类人群且层级众多的企业，你要做一套适配兼容不同人群不同业务，平衡好集团一致性和业务差异性的职级晋升方案就很难了，需要非常专业的专家才可以胜任。匹配这种能力的薪水当然也是不菲了。做人力资源，方向很重要。当然了，这个得看公司得看个人。打个比方，理论上在大公司，做招聘做到精通也很值钱，但是这是大公司职级体系很完善，打通了招聘线职业发展通道的情况。在中小公司，领导倾向觉得招人这种活谁都可以做，给你高职级高薪水那是浪费了，你的职业天花板就是很低的。再加上客观上，招聘侧的门槛真的很低，不需要专业不需要学历，什么样的人都可以入行，更是冲击了你的价值。同样尴尬的，还有培训学发和文化沟通，因为你根本说不清你对公司业务有什么实际影响和价值？没有招聘，业务就缺人干活玩不转。没有培训，业务会少挣多少亿？你的价值无法证明，这也是为什么一到公司困难时期，人力资源培训文化部门是最容易被干掉的，典型的如字节跳动Central COE 人才发展团队（其实就是培训团队）整个被裁掉。做人力资源，企业家对人力的理解和重视程度也很重要。人力资源管理能发挥的作用往往要看公司高管如何理解人力资源，有的公司就是定位成行政和招聘，那自然是没什么地位和作用了。有的公司定位成核心竞争优势，通过精细科学的人力资源管理，从招聘、调配、评价、激励、发展多个角度激活员工产出更大价值，那你的发挥空间和技术含量就很高了，典型的如阿里巴巴和华为。不管是COE，还是HRBP的角色定位和赋予的责任是很高的，某种程度来说是和业务主管分享人事权力，保证组织、团队、个人的持续健康高效产出，让业务主管能更多投入在业务本身。因此这个行业，真的不同人差距很大。一个互联网高科技的大型公司的人力COE专家或HRD，和一个制造业的招聘人事，那可能真的是一年几百万和几万的不同。他们对人力资源管理的理解和评价也是大不一样的。如果是在大型企业做COE非招聘培训文化或者HRBP的，这是一个随时间经验增长越来越值钱的比较稳定可期待的岗位。如果是在中型公司做招聘培训的，那这是一个相对清闲但没什么发展前途的岗位。如果是在小公司做人事行政的，这是一个随着年龄增长，越来越不值钱的岗位。所以，你问人力资源从业者后不后悔，那真是人类的悲喜互不相通了。如果从我自己来说，必须承认即便一身名校学历名企经历，应届包括入职前几年也只有研发码农一半的薪水。但你不能只看贼吃肉不看贼挨打，人家什么工作强度和加班时长，还?5岁的失业危机，并且人家来了就是能上手工作产出价值，你来了前一两年基本都是公司倒贴培养你。但这个岗位胜在，工作生活平衡性好，受年龄影响小，且可发展性强，对大厂来说，资深人力资源专家或管理者的待遇是不逊于技术研发的。人力资源管理现在也有越来越卷的趋势，应届进大厂越来越难了。如果真的有志于此、学历尚可的话，要及早做规划和准备，为自己铺路。李?7 次咨?.8伦敦政治经济学院 人力资源管理硕士99315 次赞同去咨询, , ,2.21E-06,-1
4,你后悔选择人力资源工作吗？,https://www.zhihu.com/question/375010303/answer/1696769151,遇见神鹿,88,2021-01-25T06:22:58.000Z,2022-10-14T02:11:17.000Z,54,213,2022?0月更新：今天意外得知，我的HR领导，前几年还做过朋友圈微商，卖护肤品啥的……这就是站在一定高度后，选择的转行方向吗？hahaha20220608更新：HR部门真的是一家公司里最容易背锅的了……明明是产品不行工资不行福利不行，招不到人就是你HR不行明明是管理层决策不对盈利变差利润降低，裁员开除就是你HR没良心明明是大家都是来打份工而已团建无聊预算低，员工积极性不高参与度不高就是你HR动员不起来好，牛人哗哗进、业绩节节高、氛围特别棒的时候，“关你HR啥P事啊？功劳是我们XX部门的呀，你们不就是算算工资交交社保的吗？”—?902更新：最近发现，HR这个岗位?个特殊性：第一，HR的工作内容颗粒度很细，独立性很高，每个模块都可以成为一个独立赛道。如果有机会肯定是能接触全盘最佳。第二，业务部门的经理其实就是半个HR，这也是HR有时候被诟病“不专业”的原因。业务经理也能和你聊招聘、聊培训、聊绩效。所以HR一定要体现自己的专业度，能“镇得住”业务部门，压得住场面，不要沦为传声筒和工具人。——————分割线————不整那些虚头巴脑、为自己的公众号引流量的漂亮话，说实话：挺后悔的哈。总结原因：HR本身性质（服务部门）、个人技能积累较弱（比较虚）、收入和变现能力弱?-------------------------------------------------------------一、人力资源工作本身的性质导致成就感低假如一个本身技术过关的程序员，他很会沟通、很懂处理人际关系、还懂管理，这些特质是不是对他如虎添翼？同样类比其他岗位，产?市场/传媒/设计等等，是不是这个理？【人力资源工作最大的bug是什么？就是当一个优秀且资深的HR，TA已经具备了很多不得了的特质时：沟通能力佳、总结能力强、会搞人际关系、八面玲珑、甚至还真懂公司业务，但如果TA本职还是人力资源线，那TA始终无法和优秀的业务线人员获取同价值的回报和地位】组织层面讲，这是HR这个工种本质决定的。是不是总感觉哪里不对劲？因为人力资源再顶天，也是服务于业务部门的。这个服务不是说HR要端茶倒水打扫卫生，而是指人力资源做的一切，都是为了业务部门乃至公司更好的运转，从而能产出更多利润，人力资源它本身无法盈利。（猎头公司和第三方人才服务机构，它们的盈利产品就是人及配套服务，而且这种公司也有内部HR）一个老板，他看重HR，是因为他更看重业务，他真的想让HR服务好业务。三支柱模式、要贴近业务、要用平等身份去沟通……等等这些，都是【方法论】，最终的目的都是想通过这种方式，去更好的服务业务部门。【HR工作的落地执行，需要公司和全体员工去完成和体现，它更像一个中间协调者和链接点。而人性又是复杂的，难以管理协调的，所以人力资源从业者成就感普遍低。】当一个人天天加班，最后成果都体现在业务部门各个升职加薪了，自己只落一声“辛苦了”，那能不后悔吗？二、个人技能积累较弱HR要变得优秀，要付出比其他岗位多太多的努力了，回报还不高。人力资源行业有个特点：如果纯按理论来说，那天花板很高，因为组织管理和人力资源管理那学问多了去了。但如果按实际情况来看，可操作和发展空间太小了。公司层面讲：搞一个组织和人事的变革，真的很难啊！能做好优化就很不错了！！个人层面讲：这不像程序员，我学多一个开发语言，就实打实多了新技术；也不像销售，我开拓了一个新客户，就实打实有了新人脉。HR多搞一场校招，是帮企业找到人了，那HR自己得到什么呢？别和我说什么项目经验去哄小孩。。。如果HR想推行一个新制度，懂得都懂有多难。所以广大普通HR从业者会很容易感觉迷茫和困惑，因为HR没有太多过硬的技术壁垒，也不会看证书给你职称。可能从业多年，只有个虚无缥缈的自我评价：我沟通能力不错啊，工作开展的都挺好啊，和大家也打成一片啊，我执行能力也强啊。但自己思考下，这是自己真的强呢，还是公司和平台给你的呢？三、变现能力弱其实看了网上很多HR相关的高赞回答，有心人会发现做人力资源这一行，有些聪明人的选择是什么：自己开个公众号/公司，给别人做职业规划、提供各种人力资源相关的咨询等。但其实这已经不是企业内部HR了，而是开始用自己的技能变现。但即便是技能变现，你用HR技能的变现能力和持续性强得过专门搞自媒体的嘛？强得过会编程搞网站App的嘛？强得过设计大触？强得过积累了客户资源直接自己做贸易、做生意的嘛？我也有认识的HR，自己兼职帮人修改简历、帮人提供面试咨询，还有个工作才3年的HR在那里给人做职业生涯规划。。。。说难听点，这些私活看着真是在喝汤渣，既耗时又收益低。工作没?0年，我个人认为没有资格面向所有人去做职业生涯规划，说些洗脑而正确的废话。而类比到其他岗位?年的经验，是不是可以接一些收益蛮高的私活了？而一?年的HR，是可以给公司做管理咨询呢？还是人事改革咨询呢？-----------------------------------------------------------------------------------有些高赞爱拿彭蕾来做例子，这真是公众号的鸡汤套路罢了。请看百度：1999年加入阿里巴巴，彭蕾是阿里巴巴创始人即“阿里十八罗汉”之一，历年来带领过市场、服务和HR等多个部门，打造出了一套具有阿里巴巴特色的电商组织文化体系，在提升客户满意度及维持企业文化方面拥有丰富的经验。人家是实打实直接接触客户的，也领导过业务部门的。而不是那种天天蹲办公室，只会和业务部门喝茶聊八卦，连公司业务都说不清楚的HR好吧？所以如果想长期做人力资源，有以下几点：1、没啥事业追求，但擅长搞人际关系，图个四平八稳，到点嫁人生娃的，其实做HR很适合?、心态摆好，别想着赚快钱、大钱了。最好得进大平台、大企业，尤其是刚毕业的。如果学历不好，进不去大公司，只能一直在100人的小公司、小作坊跳来跳去的，真诚建议转运营、转市场都好过做HR?、社会口碑可能会越来越差，现?96/007盛行，劳资矛盾日益增强，做HR得干了一些脏?、有事业追求的，得一直忠于某个行业圈子的，不能换来换去。尤其是甲方HR。选好赛道，去懂业务。但很可能你会发现HRD就是没有业务模块同级别的某某D、某某O薪资高、话语权高、社会存在感高。所以心态还是要摆好?、技能变?自主创业，开猎头公司、公众号、提供咨询服务。这一块我也只是观察到市面上已存在的现象而已。想做好这个方向，已经不能单单只懂人力资源了，得懂公司运营、自媒体、金融财务等等，所以其实这个范畴已经脱离人力资源了。遇见神? 次咨?.0880 次赞同去咨询, , ,3.05E-05,-1
7,你后悔选择人力资源工作吗？,https://www.zhihu.com/question/375010303/answer/2238583123,王普?8024,2021-11-23T06:26:28.000Z,2022-04-25T11:22:41.000Z,56,169,,我且来唱唱反调，单就我个人的感受而言，我是后悔的。这篇回答并不是要说人力资源有多不好有多累，而是想从我的角度给大家提供一个视角，看看人力资源工作的现实一面。提前说好，反驳的我希望不要用纯理论来跟我讲，如果你用的话，那你是对的。我的后悔来自于两个方面——局限性和无力感。我先来说说什么叫局限性。人力资源对个人的价值太依赖公司属性、行业、公司领导个人素质、公司氛围了。如果你在一家稍微高端的乙方公司（也就是咨询顾问那种）做人力资源，你是可以考虑不断精深专业做出具体价值的。你可以去做模型，可以去做调研，可以去开工作坊，可以引领行业内领先趋势的讨论，这都是不错的方向。但换到甲方，你确实可以在职位上不断精进，但如果想换部门或者换行业，壁垒是较为明显的。甲方的hr势必要处理公司的基础工作，同时关注部门、老板的需求，在大多数时候，其实是姿态较低的服务性部门。除非是老板想把财务、人力抓在手上，并且给予了较高的重视度，其它工作才好开展。这就是我为什么说太依赖公司领导个人素质和公司氛围。导向是个很重要的因素。换到在乙方公司处理本公司hr工作的人身上也一样，换个角度很多事情都不一样了。当引领行业趋势的精英成为业务部门，本身做hr的部门又容易踏入这样的局面。另外，行业上的壁垒是天然存在的，特别是传统企业和互联网。当然，我说的行业也偏广义，你在销售导向的公司做hr做久了，去生产导向的也会水土不服，都是一个意思。这种局限性带来的问题是，你的发展和你的技能关系不大，但和你的经验和能力关系很大。我说的技能是指人力资源专业知识，关系不是没有，但不起决定作用。经验和能力代表了你解决问题的方式以及你是否善于捕捉信息、观察环境、化为己用。可随着你的经验越累积越多，你对行业的依赖性就越高，越来越难以跳转。从人力资源转型管理或者业务的也不是没有，但是生意思维这个东西，恐怕不是你不停参与业务的会议就能得到的。所以很多做hrbp的最终能做到“我能听懂业务在说什么”，但不能做到“我知道业务想说什么想做什么”。这是关于局限性。关于无力感主要是在于工作成就和良心。做hr的都可以扪心自问，你确定产生价值的工作有多少，自说自话的工作有多少。hr赋能的工作大多是看不见的，可能一年到头反应在纸面上的就只有招了多少人，至于人效和人力成本，甚至都需要和业务部门一起来解决，且hr并不应该是主导。而一次次的培训之类的工作，有多少是顺老板的意出去玩会儿，有多少是潜移默化改变人的意识和公司氛围，大家应该心里有数。至于你出了多少制度，把绩效、薪资等等做得如何好，这些都是看不到的，甚至还要挨骂。所以很多hr选择了自我麻痹，因为确实太难体现价值了。每一次去谈解除合同都很痛苦，我想大概会想想，如果是我自己被谈话，会是怎样的场景。我之前写过一篇回答，关于人力资源体验的，其中讲到帮助一个快被开除的大学生，后来别人有很好的结果，但这种事也并不是每天发生。大多数时候你为别人争取的利益，别人自己都不知道，你也不可能拿出来天天说。这是关于无力感。但我仍然认为，做人力资源有价值，我也不会违背良心。只是如果我有更多选择，我想我一开始还是会和数据打交道。人心太复杂了。王普? 次咨?.050319 次赞同去咨询, , ,0.00087812,-1
9,你后悔选择人力资源工作吗？,https://www.zhihu.com/question/375010303/answer/2294175898,石之?275,2022-01-01T07:46:08.000Z,2022-01-07T03:18:13.000Z,58,124,,说实话，作为一个误打误撞入行的人，还是有些后悔的，下面仅当分享经历。先说说背景：在985本科毕业，大四瞎JB找实习，去四大人力咨询实习了3个月，全程打杂做excel做PPT就算入行了，本人履历一直在偏组织和人才发展板块，其他领域基本接触很少，可能分享的经历比较片面，也不具备代表性，见谅第一份工作是国内的人力咨询公司，一线城市，当时?K底薪吧，加上项目奖金也就7K8K的样子，服务的客户其实还是很不错的都是国内众多行业的龙头，但是类型特别的窄，都是人才发展人才测评人才盘点之类的工作，偶尔搞搞敬业度。传统的?P岗位、薪酬、绩效都没的，更别说什么企业治理、高管长期激励、组织架构和人力管理体系这种值钱的活了。关键核心能力就是写PPT（应该是基于客户现状在以往老顾问的材料中套PPT才对）、写模型、做测评、写报告，本质上是个技术型流水线的活。公司也毫无培养体系全靠自生自灭，当然了用老板的话就是在战场上学习战争！实习生就去给人家做访谈，去做线下BEI测评，当初群体都是中高管，真是慌小屁孩一个。又比如写的胜任力模型要契合行业和业务实际，说实话，我懂个锤子行业实际，我就上网下两份券商行业报告，做几个访谈这就懂行业了？全靠公司以前模型库东拼西?....身边同事倒是水平都还不错，学历也好，现在很多都是大厂HR。就这样做了一年多，把那个套路给摸熟了，年轻人心浮气躁，涨薪到7K5....跑路了第二份工作是一个上市公司总部的OD岗，现在回想起来真是职业生涯的一部臭棋，说是上市公司，人力资源管理水平差的一塌糊涂，到岗一个月只用我做部门和岗位说明书，随手写写领导都很满意，过了三个月写了个胜任力模型，做了一圈访谈，出了几分报告，领导大力赞扬。基本在混，每天6点半下班....当时应该混到一?6W左右吧加上年底小奖金。主要工作都是很常规的人才标准、盘点（妈的测评工具都是自己做量表的那种，我说领导这没有常模啊这量表没用啊，他说没事，用就是了免费就行）、日常干部管理（也是贼拉胯，干部管理制度都自己上网抄的）偶尔做些调研和组织绩效的活，挂着ODtitle和组织毫无关系，后来因为和领导关系一般工作确实没有成长，干了1年多接近2年离职了，回头看可以说是挺浪费时间的。第三份工作是现在工作也算是一个大公司的OD岗，模块里面有专门做组织、编制和人效的同事，我主要还是人才相关。这一份工作就靠谱多了，虽说经常加班，但是工作内容和难度骤然提升，对自己能力有很大的锻炼，接触的一些项目公司治理、人才发展、人效管控类都很不错，薪酬因为在职就不方便透露了。当初干人力，糊里糊涂，刚毕业没人引导自己也不懂身边亲戚也毫无助力，盲头苍蝇一样，职业生涯确实还是需要尝试和规划的，现在小朋友很多在大学就三四份不同类型的实习了，很多时候人不一定知道自己喜欢什么，但尝试过之后，是知道自己不喜欢什么的。当时是真蠢啊。现在工作几年上了贼船，还哪有那么容易转行。就我目前遇到的做人力的2大问题，一是价值感成就感不太突出，二是，比较穷！一：价值感不突出，我想不仅是人才发展板块有的，其他很多板块也会面临。我就拿做TD永远绕不开的胜任力模型为例。这事经常沦为人力自嗨的活，耗时耗力一两个月，访谈、战略研讨、卡片研讨一大堆，搞一个破模型，除了人力哪个业务部门领导真的有心有时间去学、去记、去用。一个模型经常承载好几方的要求每个不专业的领导审批就给你加一点，越弄越复杂，本来简单还能落地，一搞复杂了，一个岗?0个能力项，每个能力项几个行为点，妈的每个行为点还得等级分层，全员都蒙蔽，怎么可能能落地。我搞这玩意儿，对业务部门有锤子帮助？？？我拿着80年底麦克利兰的理论，?1世纪去打仗，就像我拿着马刀打现代化战争一样。领导是满意，客户也满意，反正客户回款了，模型写很专业，但我自己不满意，我在干嘛啊到底，人类为什么可以写出如此规范的废话。做人才发展方案也是，搞半天链接胜任力、搞测评、出报告、配课程，搞半天，领导来一句为什么我每年投那么多培训费用，我业绩也不见上涨，你真是大聪明啊领导。我也想知道，就那些大路货领导力课程，真的有用？我也没法证明啊，培训到底对业绩贡献如何衡量，这多少行业大咖回答不来，我就一个刚入行的哪能解出这道题啊。业绩上不行，那我用个前测后测看行为变化？这不是自己给自己找事打脸吗？那些学员都是业务骨干忙得要死，能来培训就很给我面子了啊。活动顺顺利利办下来，员工总体满意，领导满意，宣传到位，我心满意足了，很难奢望学员培训完告诉我，哇你这培训太棒了，我学到了好多，人生都升华了，下次请问什么时候呀.....一般就是“辛苦你们了”二、穷：我现在也不闲，经常加班写方案，周末经常有活，但薪酬相比其他业务职群，相对较穷的我就懒得找数据了。大学舍友，一个在搞金融、一个自己创业卖铁，一个互联网运营，无疑我最穷。据我毫无根据不负责任的观察显示，快消（仅外企）、互联网（大厂）、房地产?00名前都可以当然今年不太行）、金融相关HR是薪酬OK的，其他的都是比较穷的。穷到我开始兼职卖成人用品延时喷剂了（记得找我买喷剂，京东爆款特价）权当分享，抱怨抱怨，笑笑就过，不要迷茫，人生就是整点薯条！该认真干活还是要认真干活，人力圈子小呀，口碑重要！既然走了这条路了，那就努力把他走好吧?, , ,7.07E-05,-1
10,你后悔选择人力资源工作吗？,https://www.zhihu.com/question/375010303/answer/1830526115,匿名用户,0,2021-04-12T01:59:22.000Z,2022-08-11T11:59:37.000Z,48,98,曾经很后悔，本身就是穷屌丝，误入HR，以为高级证到手就年薪百万（该死的百度），搞笑的是我还只是个专科，毕业后脑子又一根经的没想过转行，自以为只做“高逼格”的HR，不用做“卑微”的行政，结果还是天真了，真是一边洗切员工生日活动的水果一边在骂自己如何这么不争气，一边勉强自己努力融入活动的“快乐”中一边怨自己的性格本来就不开朗。好不容易不用做行政工作，专职的HR就看你的招聘能力，可这年头中小企业要是不会忽悠怎么可能招到“物美价廉”的员工，但前提是你得有个敢“骗人”的心啊，奈何我天性善良。可最悲哀的是，还爱跟别人比薪资。内部涨工资的套路，大家都懂，老板的饼都是你帮着一起画的，所以就别指望工资蹭蹭蹭上去了，于是我只能选择频繁跳槽（职场秘诀，跳槽是涨工资最快的办法，但代价也不小），工资是涨得挺快，但简历难看到连我这个HR都看不下去了。于是，真的考虑转行了，中小企业主管到头，除非有过硬学历跟本事。（一直认为，学历够硬，其实可以从事商务运营那些，赚钱更多；能力够强【HR是人精，能力要求全方位】），做销售赚钱岂不是更快）。现在不后悔，是因为我的真的转行了，进了体制，哈哈。公务员面试环节完全是碾压，这就是几年HR经验带给我的益处，更何况什么沟通表达、文书撰写、人际交往，这些在体制最为看重的三点能力，统统是以前从事HR时充分锻炼到的，都是弟弟！现在跳出来看HR的职业环境，确实很艰难（毕竟真没必要自我欺骗了）所以，还是建议你尽早跳出来，但前提是想好去哪里，裸辞真的很痛苦。祝好！！！, , ,0.10904325,-1
11,你后悔选择人力资源工作吗？,https://www.zhihu.com/question/375010303/answer/2003360710,知乎用户,75,2021-07-17T04:54:08.000Z,2021-07-21T02:41:25.000Z,23,56,作为一个做了近20年的人力资源我稍微发表一下我的看法，坦白说近一年我已经有了转行的想法。不是人力资源这个职业的问题，而是跟业务越接近，越觉得想做更多的事！人力资源的所有模块我都做过，最近已经开始接触不同领域的法律法规，说白了，人资类似于财务，技术等岗位，需要时间的积累，积累的不仅是人资的知识更多的是处理问题上的经验。起步于招聘，慢慢的延伸到员工关系，薪资福利，培训发展，如果单以某个模块来说就可以挖的很深。做人资的都有一个梦想，什么时候能够让业务伙伴重视这块，明明员工才是公司的主体，员工在公司的生命周期，发展，敬业度不都是人资在处理？为什么人资却往往被忽视？高级业务会议，有几个老板会邀请人资的人参加？可能还是外资企业和大厂居多。其他的人资更多的就是后勤部门的一部分，跟行政划为一体。从大局来看，只有为公司创造利润的部门才能被重视，所以很多外企的人资甚至搞了一套投资分析报告来向公司高层表明为公司创造的价值。可是真正做到这步的还是很少，特别是创业公司，小型民企等。其实也没有后悔不后悔的，如果是中小型企业的人资，建议学好基础知识寻找更大的平台，大型公司的人资则是要更贴近业务伙伴。当然相信这些大多数的同行都很懂！做了快20年的人力资源，人资的前景也是跟经济大环境分不开，经济好的时候，高层都想建立一个和谐的企业文化，降低离职率，一群人把公司当家，愉快的前进。可是一旦经济状况有了问题，或者公司发展有了瓶颈，就开始降低人力成本，裁员降薪等等。没有人愿意做恶人，人资确实被推到风口浪尖。没办法，这是一个工作，有它存在的意义，上班也不是为了交朋友，做人资要有自己的立场，保持中立，坚守价值观。絮絮叨叨说了一大段，其实就是喜欢这个工作的就要坚持，不喜欢的就趁早改行。不要做着工作来抱怨，工作本身就是有着利和弊。————————————————————————————————————————过了几天， 再看了看提问的内容， 决定再加点内容。HR 的工作是有曲线的，上升下降， 跟所有工作一样， 等到有一天， 你发现你跟同行聊天的时候， 别人都在说HR 的工具， 你已经开始谈HR对公司业务的影响了以后， 你就知道差距了?HR 要忍得住寂寞?受得了冷言冷语甚至冷眼?也要能够接住糖衣炮弹?, , ,0.00974495,-1
12,你后悔选择人力资源工作吗？,https://www.zhihu.com/question/375010303/answer/2297193392,枢机,29002,2022-01-04T05:41:08.000Z,2022-07-26T05:01:15.000Z,5,33,只能说如果有身边人想做这行，我建议他先去做业务岗位试试?、人力资源是个非常依赖组织发展和管理水平的专业?0%的中小企业其实就是打杂后勤岗，比如培训，企业文化，这都需要一定预算来做，不然很难做好。甭管岗位职责写的再高大上，进去了就是日常基础活占大多数?、人力资源的管理水平非常依赖于城市整体的发展水平。除了一线城市，哪怕是国内强二线城市，整体企业人力资源水平都问题多多。哪怕是上市公司已经?、能去外企去外企?、HR的权责非常不对等，人力资源非常依赖于老板和各部门负责人的水平。比如招聘中的待遇，hr说了不算，但是HR却无法决定招聘需求。比如员工离职，无非待遇，管理水平，企业文化氛围，但是员工日常接触最多的却是自己部门领导，所以这三点其实要靠他部门领导水平。员工离职了再招，HR想变，但是又得依赖于他们，然而HR本身又没有决策权。最后就是HR自己也离职了。当然，现在流行一个词叫“影响力”，但是古往今来，这东西翻译成人话，叫权力和金钱。所以，这个循环变成了悖论?、HR个人可直接变现能力弱。根子是离创收太远。销售可以以后创业，毕竟创业公司只要先赚到钱就可以活了。但是HR因为”管理”性质，非常依赖于平台的好坏。毕竟创业公司不用啥复杂的管理，甚至一开始就几个人都不用管理，喊一嗓子，大家坐下来边喝茶边聊就行了?、人力资源非常重要，但是就是无钱无权每个老板都会告诉你我们很重视人力资源，然后你看了看你的权力，看了看你的薪酬。你见过哪个重要的岗位是这样的？7、HR各模块的工作高度依赖于其他部门的配合，容易背锅招不到人，肯定不是部门口碑在圈子内差，也不是薪酬低，肯定是HR能力问题组织绩效不行，肯定不是业务方向问题，也不是部门负责人管理能力问题，肯定是HR绩效能力问题··········离职率高？HR降低一下离职率。涨工资那是不可能的？提高企业管理能力，老板已经是天花板了。说的多了得罪人，“你在教我做事”，”我招你来是解决问题的，不是来给我提意见的“不说工作推动不下去?、HR工作量化难，不容易出成绩6大模块，招聘好量化些。其他模块更多是辅助或者定规则（这还得和其他部门沟通讨论），导致事情做了一堆，老板觉得你好像没干啥?、管理是个长久积累的工作，但是老板想立竿见?0、入门门槛低，发展依赖组织水平导致天花板低hr薪酬很难有大的突破，或者叫在整个公司里算是比较低的官网正版 业务为本：华为和阿里的HRBP价值创造三层十京东¥86.80去购?, , ,0.00642366,-1
13,你后悔选择人力资源工作吗？,https://www.zhihu.com/question/375010303/answer/2346419720,Miss铁牛,274,2022-02-13T08:21:51.000Z,2022-02-13T08:21:51.000Z,51,114,"利益相关?85硕，应届进入世界五百强央企人力资源部，后来跳槽进入业内top外企。在央企时期接触全模块，外企时期专注做招聘。时常后悔得觉都睡不着。一句话，你钻得越深、离业务越近，你能感受到的局限性就越强；你是不是能有足够的空间来通过人力资源手段推进业务，很大程度上取决于公司业务层和管理层怎么看待你。这一点大公司不会比小公司规矩多少，小公司也不会比大公司灵活多少。小公司可能是老板不重视HR，而大公司会尽量把HR工作流程化、自动化。国企的HR,本身相当于大半个办公室部门，材料要你写、招待要你做、人要你招、ppt要你写。说是全盘培养，但其实边界比较模糊；职业生涯早期对人的帮助在于开眼界，时间长了，能力体系就非常容易杂乱无章；外企的HR，相反，职业边界非常清晰。清晰到一个岗位的来处不需要你关心，一个人选的去处会有专门人员操作。如果没有走到Director或者VP的层面，窥见组织全貌是非常看运气的。国内人力资源行业总体起步很晚，导致你现在跟大多数年纪大点的人提起自己在做人力资源，他们直接会想到“就是劳资科嘛”。候选人拿不到满意的价码，第一时间把锅甩给HR，“现在的HR就愿意压价！“；用人部门招不到人，很多时候拒绝睁眼看市场，第一时间把锅甩给HR，“人力资源部没给我招到人，才导致我这块利润上不去“。对，是可以向上管理，是可以提升沟通能力，是可以提升HR从业人员软素质。但HR行业被如此对待的终极原因是因为从业人员素质不行吗？归根到底还是大部分公司把人力资源部定义为服务部门。服务部门是什么，主子说什么你乖乖跟着干，不要顶嘴，不要有想法，这就是服务意识。大环境不看重的岗位，其从业人员门槛怎么可能高呢？从业人员门槛一降再降，劣币洋溢的地方，还能有多少良币在相互促进？一句话，从内到外，HR的认同度都不算太高，成就感也非常难获得。最大的痛苦在于，当一个HR能够完成工作要求，沟通能力优秀、逻辑思维清晰、人际关系处理得当，对业务也具备了解，老大可能会选择把他调整到业务部门，但大概率不会考虑让他在HR岗位上和同样优秀的业务人员获得平等的工作报酬和话语权。HR行业也许真的有一天会走上良性发展的道路，但是我等怕是没机会在盛年得见了。有机会还是准备转到真正运转业务的岗位上吧，一个人的好时间、好精力，没有多少年，经不起等的?", , ,0.00308992,-1
14,你后悔选择人力资源工作吗？,https://www.zhihu.com/question/375010303/answer/1354359038,职业规划师孙宵娜,8751,2020-07-22T10:12:41.000Z,2020-07-22T14:19:58.000Z,2,24,"感谢邀请。我是一个职业规划师，辅导过不少客户转行转型，曾经也是一个有着10多年工作经验的资深HRM。简单谈谈我的看法，希望对你有帮助?.限制我们的不是职业的天花板，而是我们的思维和眼界格局。说人力资源天花板低的话，这点我是不太认同的。如果你觉得人力资源天花板低，可以问问自己是否单独拿出来某一个模块，你能够独当一面？比如你能够迅速招聘到高端技术人才和管理人才吗？你是否可以根据企业的业务发展搭建适合的人才管理体系？HR分为战略HR和事务型HR，如果把自己定义为后者，那确实很容易碰到天花板。人力资源这个工作如果想做的好，需要极高的情商和人际交往能力，除了软实力外还需要你在各个专业模块上有独到的见解并能结合企业的情况融会贯通制定适合该企业的独特HR战略及策略?.问问自己是想成为专业人士呢还是想成为管理者？?）如果想走专业路线，那你需要先选定一个模块做精它，比如招聘模块除了上述能够快速链接到人才资源外，在人才甄选，薪资谈判也需要优异的表现。别人找不到的人你能找到，别人谈不来的你可以，你判断人才是否合适岗位需求一看一个准。。。。晋升路线如招聘主管，招聘经理，招聘总监，人才发展总监，HR管理咨询顾问等（2）如果你想走管理路线，那你也需要至少精通一个到两个模块，对HR战略有独特的见解，然后在带人，管人上有你的独特方式和风格，另外还需要高情商和超高的跨部门沟通协调能力，向上管理能力等软性技能。晋升路线为HR主管，HRBP，HR经理，HRD3.每一个HRM,HRD都是从执行HR做起来的，如果你真的不喜欢HR的工作，那你就要积极向外部寻求转行了。现?6,岁，尽早明确你未来的职业目标和方向。在我的职业咨询客户中，有很多是已经错过了职场前3年转行的好时机的来访者，你在错误的路上走得越久，未来的转行成本就越高，难度也越大。至于如何转行，可以看我写的原创文章，如果需要一对一咨询，可以关注我的微信公众号：职业规划师孙宵娜，若有需要也可以私信我。走进职业规划，贴近真实自己mp.weixin.qq.com/s/du8WR_mXuGh5kP_SfH05JQ案例解析-30岁转行是种怎样的体验？mp.weixin.qq.com/s/n1Nc0WOAV1GeCtYjelzD9w""", , ,0.020114,-1
15,你后悔选择人力资源工作吗？,https://www.zhihu.com/question/375010303/answer/1190497191,好好说好好做,31,2020-04-30T03:42:51.000Z,2020-04-30T03:42:51.000Z,15,80,其实想问你自己该不该继续做这行吧？只谈我自己经历过的给你参考。背后的原因有兴趣评论里回答（人懒手机打字麻烦）先说最实际的。收入。如?-7年内目标是年?0万或更高，很难。如果年?5-30万，可以够得着。确定能接受收入，再谈方法?、选行业。前几年互联网hrm的平均工资抵得上传统制造业的hrd?、抓重点。这里不是说6模块里选，也不是一把抓的hrm工作方式。而是人才经营。（记住一点，人力资源的直接本质是经营人才，间接本质才是影响业务。）3、选方向。人才经营无?个步骤（效能、建模、孵化、评估），但能做的实在太多。每个步骤囊括了六大模块但又超越了它们。大企业，特别是互联网行业，除了效能和评估（一个够不着一个通常外包），其余两个钻研一下好处颇多。至于中型民企，着重在孵化上下功夫（四不像好过没产出）4、理解经营。以上都做到且做精，就要考虑跨出专业站在宏观层面看待你服务的对象。中小民企看整体，大企业重点看区域。至于看什么？这方面内容被讲烂了，可以搜搜看。先写到这吧，其实能做的挺多，但尽量多思考，本来就属于投入产出比偏低的工作，再不控制精准度，很难搞啊…?, , ,0.05017448,-1
16,你后悔选择人力资源工作吗？,https://www.zhihu.com/question/375010303/answer/1500604003,会教英语的HR表哥,118,2020-09-30T02:35:44.000Z,2020-09-30T02:37:12.000Z,3,32,老实说，我对人力资源的理解很可能还在非常表面的层次，我的专业知识和技能也十分的局限。但是对于是否选择从事人力资源这份工作，当下的我会很坚定的说，完全不后悔选择人力资源，甚至是为什么不早点与人力资源结缘。首先说说我对于人资的理解吧：万变不离其宗，任何工作中遇到的问题最终的落脚点无非就是人和钱两个方面。我总结的一个口头禅就是在公司里，人资和财务面前是没有秘密的。而选择从事人力资源就是要学习、体验、理解、尝试从不同角度来解决人的问题！ 不过貌似很多人资从业人员并没有去思考这些问题，而停留在很表面的事务性工作，恰恰这部分的工作就是坊间传言的门槛很低，没什么成长和成就感的部分。……………………举个不是栗子的栗子吧（据说写文章就是要多讲故事）………………招聘这回事估计是HR绕不过的坎，反正各路招聘类的培训，日常工作的锻炼，每个HR都会掌握一套自己的招聘路数。虽然不晓得是不是大家都在采用的一个方法，我觉得最快摸清楚一个行业或者一个片区市场行情的办法就是招聘。之前需要给某客户单位招聘一个危废事业部的经理，而对于危废是什么概念，最近有哪些行业内的动态，有哪些头部企业，主要的核心业务和分布区域如何……问题老多了，我是完全解答不出来，诉求网络的海量信息根本不能做出有效的判断（关键是你也不知道对不对）。于是乎我开启了HR的招聘骚操作，把问题全部罗列给不同的候选人，当一个问题收到类似回答数量超过三个的时候，我的答案雏形就有了。比如，您对危废行业目前的发展状况作何解读，未来3-5年内会发生哪些大的变化？ 收到的回答大致是现阶段是危废行业正值高歌猛进的黄金时期，国家高度关注环境保护，颁布了XXX等利好政策，以XXX等头部企业为例，都在各地抢占市场收编当地小规模厂家，统一标准，预计在三年之内是白热化的拼刺刀热战阶段，之后会形成相对稳定的格局分布，各家势力范围基本划定，很难再有新的力量入局。接下来就是拿着这套行业的大致状况跟后续的候选人沟通做验证，看这个解读是否合理。如果是合理地解读，对方往往认为你是行内人，很专业（当时那个心虚和冒冷汗哈）；不够合理，对方也会做出一些新的补充说明。招聘能培养HR在三天内快速了解不同行业的能力。…………………………………………栗子说完了……………………………………其次，在HR岗位上可以锻炼出很多的实用技能?HR一般都是从基础的事务性工作开始的，但是各自能优化的程度却不一样，正如我的ID号，取名【会教英语的HR表哥】，作为HR必须要面对非常多的数据资源，员工档案类就包含了年龄、学历、工龄、合同有效期、特殊技能、生日等等都需要关照到?对于薪资类就更多了，考勤、基本、绩效、津贴、加班、五险一金等等人力成本的考量。整体加薪的依据之类的，按月度、季度、半年度、年度的汇总报告，层出不穷，如果不能一次输入，自动得出业务需求的表格，那HR必将陷入无休无止的事务性工作中来，不得不说在HR的岗位上我的数据处理能力有了很大的提升。以个人经验来说，现在虽然用一个vlookup函数换奶茶已经成为了故事，但是尝试变换组合的数据看板依旧有很大的市场。公司内偶尔组织点Excel的培训还是很吃香的。最后，其实也是最重要的，我的目标是三支柱里面的HRBP。我理解的HRBP其实就是在HR的日常工作中再进一步，融入经营者思维，每一个工作的背后都问一句产生了什么价值，最终如何落地到钱上去。虽然HR平日里不在一线直接做业务，但是HR做起业务来必定是杠杆的，因为HR可以很方便的约见到目标公司的老板，直接从战略建议出发?这里介绍一个我的骚操作，一般我会留意目标客户公司的招聘信息，然后自己化身为求职者去面试（轻松过五关斩六将），然后就被对方HR领到了老板办公室，接下来就是嘿嘿嘿时间了。PS：这里并不是取巧，而是实打实的做了功课的。比如近期在做的一个事情就是帮助一个直播平台招聘全职或者兼职主播，于是我物色了另一家在线教育平台，刚好生产大量播音人才。恰好就是一家愁招聘，一家愁就业。我就是通过“招聘”的渠道分别见到了两个老板，然后再逐步促成他们之间的合作。虽然我是第三方的BP，但是我也粗浅的归类于HRBP吧。这一通操作是不是比一般业务员要犀利哦（瑟瑟发抖中……）。从根源上解决两家公司的招聘和就业问题，比起实操起来的事务性工作效率是否高了N倍呢？HR可以不断地激活思维，把纷繁复杂的表象拨开，落实到最后的人上面来，回归到专业知识的话还是那六大模块，把合适的人配置到合适的岗位上，这一份工作成就感十足，至少我每天都意犹未尽，所以选择人力资源我不后悔?, , ,0.00020196,-1
17,你后悔选择人力资源工作吗？,https://www.zhihu.com/question/375010303/answer/2250012005,知乎用户,10746,2021-11-30T08:31:37.000Z,2021-11-30T08:31:37.000Z,1,2,昨天晚上和一个朋友吃饭，他年薪已?000万了?017年一起创业的朋友，现在已经财务基本自由。他们做金融、地产、广告传媒、抖音电商、智能科技.....______我这儿搞人力资源业务，估计离财务基本自由还需要个十年八年吧。————后悔吗？有时候算规模与盈利的时候有点羡慕别人，投资人偶尔也会说你看人家谁谁谁，早就帮我回本了，你这...._________但大体上是不后悔的，因为人力资源工作，不论是甲方还是乙方都很稳嘛，所谓的长青行业。干着呗，但我一直没有放弃观望其他行业的机会。而【观望其他行业机会】恰好也是人力资源工作的一个难得的契机。人力资源，几乎是开天眼，上帝模式看一切~—?, , ,0.27984147,-1
19,你后悔选择人力资源工作吗？,https://www.zhihu.com/question/375010303/answer/2620636073,51社保,36041,2022-08-11T01:00:16.000Z,2022-08-11T01:00:16.000Z,0,14,网上流传一个关于HR的职业发展的段子?5岁HR专员?8岁HR经理?2岁HR总监+35岁保险大都会你所面临的问题，是很多人力资源从业者的共同困扰，总结一下就是：人力资源工作的天花板很低，工作多而杂，非常忙。学习提升少，薪资少，职业成就低。相关报告表明，在HR各层级占比：52%的从业者为初级职员?7.2%为高级职员；26.9%为经理；4.85%是总监；CHO/副总裁是占0.9%；而在企业CEO中有HR从业经历的占比是3%。从职业发展来看，处?5岁的HR，除了极少数人做到HR高管甚至CHO，还有一部分做到了HRM级别，大部分从业者，都面临一个比较尴尬的境地：升职无望，前途迷茫。业内知名的原龙湖集团首席人力资源官房晟陶先生把HR分为三类：偏管理类；偏专业类；偏行政操作类。怎么理解，房晟陶先生给了解释：偏管理类的人员（即M序列），往往是人际影响力强，战略意识不错，有一定专业理解力，善用专业资源，也可以带得了人，但不一定喜欢也没有时间深入研究专业。偏管理的HR中，有些人善于管理决策，有些人很有创业精神，也有些人很善于理解一号位。做到HR一号位的人大都是偏管理序列的。偏专业类的人员（即P序列），往往善于抽象总结、结构化总结、框架化表达、PPT的水平还不错，但人际界面不一定很好，甚至都不一定喜欢跟人打交道。他们更多是把人当作了组织这个事的一部分，重心是在研究事情，而不是长于人际连接。尽管从专业水平上他们可能比M序列大部分的人更高，但他们往往不会被任用为HR一号位、HR高管。不过，这部分人从心理和工作方式上，是最接近“乙方专业人士”的，比如咨询顾?培训师之类。只有极少数的人是可以既有专业钻研的精神和能力，又有比较强的人际影响力及战略意识，也就是横跨M序列和P序列。偏行政操作类的人员（即Administrative序列）的强项是服务意识、客户导向、认真细致。但这类人日常工作中的决策强度不大，所从事的工作的专业含量也不高。很多行政操作类的工作会被技术替代，或者被企业通过外包实现。尽管这类工作在企业内不一定那么受重视，反而可以在企业外促成一些有规模的偏服务和外包的“专业服务公司”。了解自己实际上偏向于哪个类型，就更容易找到自己的出路。不同方向的HR的尽头是不一样的，HR从业者需要及早奠定基础，选准自己的道路，不断深耕。HR需要摆脱繁杂的，耗时费力但少有提升的事务性工作。提升自己的核心竞争力和成长，因为很多工作的经验，都是可以平移的，重在思维方式的提升和SOP的总结提炼。比如事务性工作，就可以选择外包。别担心外包以后，HR自己的职场能见度会变低。一定要想清楚自己的核心需求！是暂时的职场能见度，还是长久的提升和最终的高峰。详细的职业规划路径，可以看我这篇文章：35?的HR都去哪儿了？想了解更多，请继续关注我们@51社保，如果还有薪酬个税、五险一金、员工管理等人力资源相关问题，欢迎随时来撩~, , ,0.00791328,-1
20,你后悔选择人力资源工作吗？,https://www.zhihu.com/question/375010303/answer/2095230550,HR Matrix,591,2021-08-31T09:30:32.000Z,2021-08-31T09:30:59.000Z,0,1,偶尔会吧但是整体还是不后悔。虽然这个工作经常背黑锅一直经历挑选别人也被人挑选的感觉起点低经常被人看轻忙到手忙脚乱工资还低但是整体还是很有意思的毕竟和“人”打交道是一件永无止境的事情比较低级的招聘工作可能会让人觉得无趣、重复但是看着自己招的人一步步成长为公司的支柱有一种做伯乐的快乐而且如果能做的比较高了可以和老板一起为公司发展规划你就会发?人力资源是重中之重那时带来的成就感是其他工作不可比拟的而且这个工作对专业能力，个人素质，智商情商，道德品性等都有高要求这些也会倒逼自己全方位成长同事接受培训、工作有问题第一反应都是找我也非常满足个人的被需要感?, , ,0.23952176,-1
21,你后悔选择人力资源工作吗？,https://www.zhihu.com/question/375010303/answer/2193759870,招聘易易,357,2021-10-28T08:00:13.000Z,2021-10-28T08:00:13.000Z,1,4,受先，这个岗位天花板不低，且，这个岗位的上限，是被格局撑大的。反正我99%没有后悔，剩?%是情绪后悔，可以忽略不计。了解人，分析人，盘点人，赋能他人，本身是很有意义的工作。但是确实很多人做得特别流程化，体会不到跟人深度沟通交流，剖析人性的快乐。如果你理解的，这是一个简单，重复，机械，帮老板擦屁股，在老板和员工之间受夹板气的工作，那确实天花板很低。刀尖上跳舞的快乐，懂的人自然懂?, , ,0.39649037,0
22,你后悔选择人力资源工作吗？,https://www.zhihu.com/question/375010303/answer/2556638120,知乎用户,10113,2022-07-03T07:43:39.000Z,2022-07-03T07:44:00.000Z,5,5,HR出身，一路走到创业这条路。“你说会不会后悔选择人力资源工作？”有后悔的时候，但越来越明白这其实是一份与时间做朋友的职业?.一个初中HR给我介绍工作时，我不想干HR了记得大四找工作，在火车上遇到一个去参加校园招聘的HR。年纪比我还小，稚嫩的脸庞露出傲娇的表情。跟我说：我在公司已经做了好几年了，今年因为是生产线表现好，老板把我提拔到办公室，做招聘工作。那时候还是绿皮火车，他也到连接处抽烟，可能是慢慢熟稔了，对我说：你不是在找工作，我招你进来，想做什么，我说了算?.看到杂乱无章的档案室，我不想干HR了入职第一条，领导把档案室的钥匙交给我，说：整理好。转身就走了。我想问：要不要我帮忙招人？可不可以参与一下绩效方案的制定？培训工作有没有需要我协作的？能不能给我安排一个老师？档案什么时候要整理好？档案要不要把基本信息录入系统？公司的清洁阿姨很负责，档案室很干净，只是档案也是胡乱的塞满了柜子了每一个空隙。几千份档案，要梳理清楚，工作量非常大。而且只有我一个新人?.预警无效，还要为事故背锅，我不想干HR了那天，劳动仲裁和传媒都到了，摄像、摄像到处走到处拍。劳动仲裁把我叫到一边，问我给什么方案。一瞬间想起了前两天会议室，自己对于公司决策的强烈而又无效的反对，并提出可能产生的后果，以及最好的解决办法。然而并没有被采纳。然后又想起10分钟前与老板的电话沟通，收到了按法规的标准给予赔偿的权限。又想起了半个月前，自己获得老板的授权，全权处理这件事，只要员工回岗工作、既往不咎；谁又想到老板会三天后秋后算账，光速打脸我这个HR。第二天，到老板办公室汇报整个事件的处理过程，老板说：可能需要HR为这次的时间负责?.人力资源规划被否，公司始终无法摆脱恶循环时，我不想干HR了每年复盘都发现一个老问题：老员工不想动，新员工留不住。老板问我：怎么办？我说：老板，你三年前就问过我。“那怎么没有改变呢？什么问题？”我把近三年的人力资源规划方案都拿了出来：老板，老员工不想动、新员工留不住是一个系统问题，涉及到激励的方方面面，还可能与公司的业务战略有关。需要系统的梳理。老板把方案翻了翻：又要钱？公司一直亏损，没钱啊！你要多站在公司角度多想想啊。我说：整个方案是系统的，首先我们会做一下外部的薪酬调查，看看我们公司各个岗位的薪酬处于什么水平；然后对员工进行调研， 包括问卷和访谈两个部分，老板你可以看时间抽一部分参加一下。然后我们针对可能的问题，采取一定的办法。不一定就只是采取加工作或者发奖金的方式。我们可以将人力支出做一下与目标挂钩的预算。。。老板没有耐心听下去了，挥了挥手：今年就算了，我们先熬一熬，明年看情况再说吧。所以我现在去做老板了?, , ,0.00380942,-1
23,你后悔选择人力资源工作吗？,https://www.zhihu.com/question/375010303/answer/1042453346,樱苏,97,2020-02-27T15:57:03.000Z,2020-02-27T15:57:03.000Z,42,91,同样从事人力资源，工作已进入第六个年头，高考后曾在某本商业杂志上看到一个御姐HR总裁的职场精英采访，开始对这个职业萌发了憧憬。没错，本科就读这个专业了，现在想起来是自己跳进坑的在一所普通本科高校学这个专业真的很水，专业术语觉得陌生而又熟悉，对管理和所谓组织行为一无所知，毕业后从一个小小的猎头助理和招聘专员开始，那时也是最有热情的阶段，感觉充实且有价值，与履历优秀的人交流又打鸡血的效果。慢慢，鸡血到量后，那这种满足感也会慢慢下降，特别是每日重复性的工作，开始令人迷茫，觉得无趣。当我开始当个小主管后，做了其他的模块，又添新烦恼，觉得自己的知识储备不够体系化，当我当上人力经理后，我常怀疑自己入错行了，我面对的，是复杂的人和组织环境，是自己阅历还不足以看透的人性，是经验主义本位主义与科学管理的冲突。脾气变得很容易焦虑暴躁，因为有限的能力无法hold住这堆太极打得很6的业务部门领导。那个阶段都会怀疑自己，都会有迷失感，如果你是咸鱼，其实会很舒适无感，正因为对自己有要求，才会有所有觉悟，所以，某种程度上也是好事，起码你意识到了，那就是如何调整心态和方向的问题。重复无长进的工作会让人失去耐心和热情，认知高度不够，积累不够，解决问题的能力还不够，也会让人对自己产生消极情绪，HR常问别人你的规划是什么，倒不如问问自己，想做什么，性格适合做什么，目前允许做什么，给自己写写可以调整自己的方式，是心态？是学习？是环境？再不然，换个领导。实在不行，完美转身，那就转行了?, , ,0.03711708,-1
24,你后悔选择人力资源工作吗？,https://www.zhihu.com/question/375010303/answer/1097206384,Qiaozn,14,2020-03-22T12:49:34.000Z,2020-03-22T12:49:34.000Z,98,68,后悔。我发现大学上的课几乎都是管理的理论，实际操作很少。我以为寒暑假可以找hr的工作实习一下，却发现根本没公司会找寒暑假工当hr。现在毕业了，才发现很多不是跟我同专业的师兄或者同届都去做hr，hr的门槛小到谁都可以做，可怜。再者这替代性很强的工作居然还很多要求本科。。。新冠病毒疫情期间，很多hr在家待岗没工资，甚至现在好转了hr也是最后才上班的，因为公司根本无需招人，hr成为比销售还惨的工作，销售没上班好歹有底薪，hr没有（我姐公司的hr就是）。。?, , ,0.13118791,-1
25,你后悔选择人力资源工作吗？,https://www.zhihu.com/question/375010303/answer/2800807234,北森CEO 纪伟?2251,2022-12-14T03:58:12.000Z,2022-12-14T03:58:12.000Z,1,7,,"""你在?前，你希望自己的专业技能是什?""""?""我认为那应该是解决问题的能力!""""，因此做什么职业并不那么重要，而是你拥有解决问题的能力！于是，我接受了他的赏识与邀请，重新做回HR，一直到现在。时至今日，如果我再次来解读解决问题的能力，那是在专业之外，要发展可迁移的能力，做什么像什么，让自己成为一个有价值的人！更牛气的说法可能是，让自己拥有随时可以跳槽的资本。HR的薪资低吗？其实不光是HR，职能部门的起薪相较于技术、研发、市场营销等业务部门是较低的，那跟企业价值链有关系。随着我们在职涯路径上的攀爬，当你对企业的价值被认可，当上中高层干部，那可就不能说HR的薪资是低的了。年薪百万以上的HR比比皆是，人力资源总监年薪?0万以上也是非常普遍的文末，我的建议是不要思考是不是后悔选择了HR这个职业，每个人都要往前看。想想如何能让自己成为一个有价值的人，并为其做好准备与铺垫才比较重要。就像当年我想转做程序员，我花了?个月的工资去学习编程的知识，投资自己是最好的投资。在最该打拼的年纪，不要选择过得太安逸！""", , ,0.23952176,-1
26,你后悔选择人力资源工作吗？,https://www.zhihu.com/question/375010303/answer/2252989864,HR菁英,10225,2021-12-02T05:52:12.000Z,2021-12-02T05:57:13.000Z,0,1,本文作?| 经韬纬略智库全文4550字本文导?.为什么提出人力资源管控的概念?.人力资源管控有哪些内涵和特点?.与传统人力资源管理有哪些变化?.人力资源管控主要包括哪些内容?.人力资源管控设计遵循什么流程？人力资源管控的基本概念随着时代的变迁，人类社会从社会分工和商品交换开始，经历了工业革命及商业社会的高速发展。企业作为商业社会的发展基石，也发生了日新月异的变革，经历了物质资本——社会资本——知识资本的转变历程。企业之间的竞争越来越激烈，而且也越来越表现为人才之间的竞争。在企业所拥有的人、财、物等资源中，“人”作为一种特殊的“活”的资源，有着其独特性、社会性及主观能动性，已逐步成为决定企业生存和发展的关键资源，越来越引起企业管理者和研究者的高度重视。对“人”这个特殊资源的研究、管理，经历了从被动使用、培训到主动开发、拓展的过程，有意识的“人力”管理思想也相应地经过了从简单人事管理到人力资源管理的变革阶段。进?1世纪，人类社会从工业经济时代向知识经济时代转变，人力资源对于企业的作用更加关键。越来越多的企业试图通过改进人力资源管理的方法，来提高人力资源的使用效能，在激烈的市场竞争中占据优势。人力资源管理也产生了以下发展趋势：1.人力资源管理从事后管理向事前管理发展人力资源管理在知识经济时代已逐渐从事后移到事前，对客户、业务和市场有必要进行深入接触和了解，在此基础上把握整个企业的走向，以实现人力资源的有效利用。目前，越来越多的企业人力资源部门将工作重点放在提高生产力上，将事务性工作标准化、自动化，而对设计、实施各种有利于提高员工生产力和企业的整体绩效的方面投入更多的人力和物力。随着人力资源地位的进一步提升，这种对人力资源管理的事前管理越来越重视的趋势将更加明显?.人力资源活动对企业绩效的贡献日趋得到重视近年来，除了进行基本的人力资源职能管理外，越来越多的企业试图找到人力资源活动效益与企业绩效之间的关系。更加关注人力资源活动与生产力、人员流动率以及财务绩效指标之间的关系。人力资源管理者把更多的精力放到人力资源绩效上，通过发现人力资源活动与提高企业绩效之间的交互作用，提高人均生产力，并降低成本投入?.人力资源管理更加深入地参与到企业经营以前很长的一段时间，人力资源部门一直被认为是一个无足轻重的后援行政管理部门，与企业的经营相去甚远，只要把基础的人事管理工作做好就行。但是，随着社会经济的不断发展，市场竞争的日趋激烈，人力资源的素质在企业经济效益中的重要性越来越明显，其管理的核心地位越来越突出，人力资源管理不再仅仅局限在人事工作方面，而且是要更多地参与到企业经营活动中，成为一个经营决策者。他们既要关注企业经营的长期需要，也要帮助直线经理和员工设立标准、制订计划?.人力资源管理更加注重对结果的控制随着人力资源管理的发展，目前大多数企业已经掌握了基本的人力资源管理方法。随着信息技术的发展，国内外先进的管理手段也得到了广泛的应用。很多企业为了实现效率最大化，已经将人力资源事务中非核心部分的工作全部或部分外包给人才服务专业机构。招聘、人事管理、社保公积金、薪资支付、劳动关系等基础的人力资源管理职能已经不是企业关注的重点。企业中的人力资源部门更加关注各项人力资源管理所取得的整体效果，以及管理措施与企业发展的匹配程度。正是基于上述发展趋势，在传统人力资源管理的基础上产生了人力资源管控的概念。那么，何为人力资源管控？笔者认为，人力资源管控是人力资源管理的进一步提升，更加侧重于控制的职能，也可称为人力资源控制，即为了保证组织目标的实现，对组织的人力资源投入进行监控和测量，并采取相应措施纠正各种偏差，以期实现组织目标的过程。人力资源管控与传统的人力资源相比，具有以下变化?.从职能管理向整体效益管理转变人力资源管理一般会分为人力资源规划、招聘与配置、培训与开发、绩效管理、薪酬福利管理、劳动关系管理等职能活动。在企业实际操作中，人力资源部门也往往将不同的职能划归于不同的科室操作。这种管理思维割裂了人力资源的价值创造过程，容易陷入具体的职能工作中，而忽视了“人”的整体价值。人力资源管控强调的是人力资源整体效益，以结果为导向，关注“人”作为资源要素在企业内的价值链，并通过一系列的手段提升人的价值创造力?.与企业战略结合得更加紧密人力资源的存在是为了实现企业发展战略。在人力资源管控中，紧密以企业战略目标为出发点，进行相应的人力资源配置和调整，确保人力资源政策的正确性与有效性。“管控”的概念在于对公司战略和人力资源运行状况的监控和调节，使人力资源与企业战略相吻合?.从针对具体“人”的管理向过程控制转变人具有多样性和创造性的显著特质，对人的管理是最有挑战性的活动。无论是从心理学层面还是行为学层面，理论学者和企业实践都创造了大量的人力资源管理理论和方法。但这些理论方法在具体针对个人的时候，仍然存在诸多困难。人力资源管控不拘泥于人的个体管理，而是将企业的人力资源作为整体资源看待，从过程管理的角度加以管理，更加注重方法、手段的建设，确保企业人力资源向着预期的方向发展。人力资源管控的主要内容作为企业管控体系重要环节的人力资源管控体系，它由一系列管控分系统组成，如图1所示。为了实现企业发展战略和人力资源管理目标，人力资源管控体系由核心方法管控和关键人员管控两部分构成。前者关注影响人力资源运行的主要方面，构建相应的管控方法；后者关注对人力资源效能起到至关作用的核心群体。同时，人力资源管控将信息化手段作为管控的基础支撑，提高管控的效率。图1 人力资源管控体系的构成由于不同企业的发展程度不同，在人力资源管控的手段、方法及水平上存在一定差异，人力资源管控的内容和管控关键点会各有侧重。同时，人力资源管控体系还可以衍生出单体企业的管控和集团企业的管控。通常，人力资源管控包含以下内容：1.组织架构管控组织架构是根据企业的商业模式在管理工作中进行分工协作，明确职务范围、责任、权利的组织体系。它必须以企业人力资源战略规划为指导，适应企业经营发展战略，并随着企业经营发展战略的重大调整而调整?.职位体系管控依据企业的组织框架，通过工作分析、职位评价等一系列审核、评估工作，完善内部职位管理机制，形成职位管控体系。企业职位管控体系要明确各职位设置原则，建立统一的职位说明书、任职条件、考核标准，进行统一的职位评价，形成完整的企业职级图?.规章制度和流程表单管控人力资源管控体系通过战略规划、组织架构、职级体系等一系列分体系的建立，形成了一套有序、可行的管控体系，那么如何确保管控体系能够高效运行，就需要制定相应的流程、制度、表单规范来约束整个体系的运行。完善的管控制度和表单工具建设既需要考虑企业的目标需求，也需要充分考虑到企业方方面面的实际情况，既要考虑各经营主体的差异性，也要考虑整体制度建设的系统性和规范性，以确保制度和表单的全面、缜密，减少执行阻力?.劳动协议管控企业与员工之间因为劳动关系的建立，会产生各种协议，以约束双方的权利义务等。这些协议是保障劳动关系正常履行的格式文件，具有法律效力。企业应建立劳动协议的管控机制，最大限度地规避法律风险，创造合法合规的劳动关系?.人力成本和人员编制管控如何衡量企业投入的人力资源总量？有两个典型的量化指标：一个是以货币来衡量的人力资源成本；另一个是以数量来衡量的人员编制。企业通过对人力成本和人员编制的有效管控，使人力资源投入保持在合理水平，发挥其最大效益?.人力风险管控现代企业对人力资源的依赖越来越明显，人力资源对企业发展的影响也至关重要。与其他资源相比，人力资源的风险更难把控，产生的后果也更加严重。因此，企业有必要建立人力资源风险的管控体系，利用风险管理的方法，对人力资源供给、使用、流失等环节的风险进行全方位的识别和管理。避免因人力资源风险的发生对企业造成非预期的损失?.企业关键人才管控人力资源管控的重点之一是企业关键人才的管理。这些关键人才掌握着企业各项管理职能，是企业战略指导思想的重要体现者和实施者。因此，建立企业关键人才管控体系是体现人力资源管控体系实施效率的重要保障。企业关键人才主要包括：关键岗位人员、高级管理人员、人力资源业务合作伙伴（HRBP）等?.人力资源信息化建设建立适度集中的人力资源信息化平台，实现企业内人力资源的信息共享，及时掌握和了解各部门、各经营主体的人才动态，统一调配，综合协调，实现人力资源的互补效应和规模效应。人力资源管控的设计流程企业人力资源管控体系既是企业整体管控体系的重要组成部分，又是企业管控的重要手段。人力资源管控的成败关系着企业能否形成合力、能否高效运行，也决定着企业能否凭借先进的资本开发和运用体系来获得竞争优势，从而做强做大。因此，构建恰当完善的人力资源管控体系，势在必行。如何构建人力资源管控体系，如何使体系恰当完善、高效地运行，则要遵循一定的步骤和流程?.人力资源战略规划人力资源战略规划是企业人力资源管理发展的总体方针，是企业政策中心的重要体现，是人力资源管控体系设计的第一步。只有充分了解企业的未来发展规划和战略目标，明确人力资源管控的愿景，收集各方面对人力资源管控体系的意见和建议，才能科学地规划人力资源战略，为人力资源管控体系的构建指引方向?.人力资源现状诊断只有充分了解和分析各经营主体及部门的人力资源状况、管理现状、运营情况，发现它们的相同性和差异性，形成人力资源现状诊断报告，才能在此基础上构建恰当的管控体系?.人力资源管控架构搭建按照人力资源管控的内容逐项进行管控架构搭建，形成适合企业实际的人力资源管控体系。在实际操作中，企业可根据行业特点和企业的人力资源情况，对人力资源的管控模块有所取舍、有所侧重?.落实管控职责明确管控关键点已完成了企业人力资源管控的基本内容，但仍需进一步明确各管控关键点在企业内如何进行职责划分，这是对管控关键点的具体化。人力资源管控绝不是人力资源部门的事情，它需要企业各个部门共同参与。因此，需要明确每个部门的职责，告诉其如何参与人力资源管控工作?.人力资源管控体系试运行为了让人力资源管控体系有效地融入企业的生产经营活动，同时检验人力资源管控方法是否适应企业的实际情况，在不影响企业现有生产经营秩序的情况下，需要试运行管控体系。通过体系的运行、评估，收集各方面的意见、建议，最后形成试运行报告，为管理层决策提供依据。对于试运行中发现的问题要及时解决，必要时重新论证管控方式方法，确保管控体系达到预期的效果?.体系运行，并不断调整和完善任何管控体系的构建都不可能尽善尽美，只能通过运行逐步完善。信息反馈是人力资源管控体系完善的重要参考依据。人力资源管控体系的完善不是一蹴而就的，而是一个不断循环往复的过程。对于积极有利的信息，要总结成功的经验；而对于运行过程中反馈出来的负面信息更要重视，找出其中的原因以便及时调整和完善。只有不断地总结完善，人力资源管控体系才会越来越严谨，越来越规范，越来越适应企业经营发展的需要。人力资源管控体系设计流程如?所示。图2 人力资源管控体系设计流程?以上内容摘自 ?《名企人力资源最佳管理实践?, , ,0,-1
27,你后悔选择人力资源工作吗？,https://www.zhihu.com/question/375010303/answer/1724233007,哈维?83,2021-02-10T03:00:00.000Z,2021-05-20T01:44:15.000Z,18,46,,本科是HR相关专业，硕士是STEM类专业，虽然从没做过HR，也没在HR部门待过，但是把本科硕士的专业结合起来，成了HR tech方向的产品经理（甲乙方都干过），服务过不少于几百家企业的人力资源部，感觉如果毕业生选择做In-house HR这个赛道，首先得去大公司，大公司是指：互联网大厂、知名地产、金融企业再或者外企，这类公司本身门槛就很高，如果学历一般，说实话不太容易进去，从我服务的多家企业来看这些地方HR业务更复杂，更规范同时“人才密度”很高，和高手一起工作，成长更快，比在小公司做偏行政职能性质的HR强太多了；然后，最好不要做招聘，因为招聘有点类似销售，门槛不高，但是做出成绩其实并不容易，即便做出成绩，对个人专业能力成长也有限，有机会尽量去做TD、OD这种模块，可以攀技能树，或者做BP也是可以的，但一定得深入了解业务，吃情商，搞得定业务老板才行；最后要说，做HRIS或者People Analytics方向，如果有比较好的数据sense绝对推荐，很容易形成壁垒，还不用太吃情商，更多还是靠专业实力、数据说话，钱景也不错，毕竟这算是HR和计算机/数据的交叉领域，很多HR专业出身的或者一直从事事务性HR工作的人是不太容易具备这种能力的?, , ,0.08198827,-1
28,你后悔选择人力资源工作吗？,https://www.zhihu.com/question/375010303/answer/2307591117,书生龙一?146,2022-01-12T05:13:22.000Z,2022-01-12T05:13:22.000Z,0,0,,HR，面对这个年?W?亿的岗位，我深深地绝望过。至今我都觉得那是我人生最绝望的时刻。人力资源从?0年，工科人，普通院校，毕业就从业，目前在一家百亿规模企业任职OD（Organization development，组织发展，人力资源领域的一个岗位角色。），薪酬是毕业时候的10倍有余。几乎尝遍了HR各个职能，除此之外，在任职的公司里，跑过地推，盘过仓库，抓过高管，一路坎坷，职业生涯充满了故事和事故。所以，我猜我可能有点点资格来试着说说这个话题，说说自己后不后悔。专业的问题我想我不可能比书上、号上各领域专业老师讲得好，这里就不分享了。这里，只说说我验证过的一个小白HR如何成长。回答有些长，整理成了文章：书生龙一心：你后悔选择人力资源工作吗？8 赞同 · 6 评论文章, , ,0.11681489,-1
29,你后悔选择人力资源工作吗？,https://www.zhihu.com/question/375010303/answer/1830630381,东姑也游,4781,2021-04-12T02:49:06.000Z,2021-04-12T02:49:06.000Z,0,1,任何职业都不能保障走上人生巅峰的呀。而且每个人定义的巅峰也不一样，有的人觉得珠穆朗玛才是巅峰，有的楼下花园里的假山就巅峰了。客观来说人力资源工作的天花板和其他工种比确实低，但是也有的人努力把这个天花板一直往上拉的。一千个人心中有一千个哈姆雷特，值不值要看你自己怎么定义，有的财富自由才值，有的稳定事少离家近也很值?, , ,0.30148834,0
30,你后悔选择人力资源工作吗？,https://www.zhihu.com/question/375010303/answer/1319309728,唐晓?57,2020-07-04T17:06:49.000Z,2020-07-04T17:06:49.000Z,14,56,,如果放在八年前，进大学那年，有人问我这个问题，我的答案绝对是——不后悔！！！想当初高考结束，填志愿的时候，作为文科生的我，把“高考志愿填报手册”从前到后翻了好几遍，最后凭着主观想象，自以为“人力资源管理”是一项关于人才管理和人才发展的学科，而且好多公司都挺重视人才的，那毕业了应该可以找到一份不错的工作吧，其次觉着人力资源工作主要和人打交道，像我这种性格内向，不善言辞，从小县城走出来的学生，做人力资源管理工作可以让自己更快更好的融入社会，于是乎，毫不犹豫的报考了人力资源管理专业。上大学后，一直坚守初衷，所以对待每一门专业课都特别期待，希望从老师那儿听到对于人力资源趋势的分析，也喜欢查询各种专业网站，从最初的人力资源六大模块到后来流行的三支柱模型，再到时下流行的OKR，只要人力资源领域有新的理论，都不会错过。谁曾想，校招第一场面试，就遇到颠覆认知的面试官。那时面试是在酒店进行的，我和面试官面对面，面试官躺坐在沙发上，点燃一根香烟，让我做了一个简单的自我介绍，对我的简历做了一番评价，说他理解的人力资源工作只要是有点经验，懂业务，会来事儿，会和领导搞好关系，基本上就可以胜任了，那时的我，岂能容忍自己心目中崇高的职业被人说的一文不值，心理觉着这中年大叔压根儿不懂人力资源，也一直奇怪，为什么这样的人会成为面试官，而且还是一家大型央企下属单位的办公室主任，搞不懂······第一家面试没有成功，果断参加了第二家公司的面试，第二家公司是从事整车及零配件销售的服务型公司，前后两轮面试，很顺利的进入人力资源部，入职后随即就被领导发配到区?S店销售部和售后部见习，从基本的销售话术，到车型知识，到售后套餐的销售，从前到后学习了一遍，也就是从那时候开始，我发现与人交流并不是想象中那么简单，遇到各种客户提出各种要求，在无法满足的情况下还要赔笑的经历，真的相当痛苦。突然想逃离业务部门，赶紧回到人力资源部。终于，在苦苦坚持了三个月后，我回到了集团人力资源部，并被安排到招聘组，从事招聘工作！当初公司招聘科一共三人，一个主管，两个专员，专员负责发布岗位，筛选简历，电话邀约等协助性工作，主管负责面试及复试的跟进。就这样，上班前背邀约话术，上班后分配招聘简历，每天按部就班打电话邀约，按照公司要求约到不少于某个标准的人到公司，记得当初自己写电话号码的笔记本都用了三厚本，但领导除了安排我们打电话也没有安排其他工作给我，我开始觉得没有进步的空间，每次写总结的时候就是打了多少电话，约了多少人，到面多少，通过多少，发放录用通知多少。而且小领导是一位特别暴躁的人，官僚作风严重，很多工作都是安排给我们做，自己整天各种刷手机，跑各个部门串门，但最后开部门会，汇报工作时都是拿我们的工作去博领导的肯定，我就更加郁闷了，于是第三个笔记本写满后，我向领导提出了离职。前后刚好一年时间，我从一个坚定的人力资源者，开始怀疑自己的选择，为什么现实中的人力资源和自己理想中的相差甚远？才一年时间，眼看着同班不少同学陆续转行到销售行业做业务月入过万，离职考公务员的同学成功上岸，而自己却拿着四千多的工资，心里愈发不是滋味，我好像在每天重复繁琐的工作中迷失了，什么是专业的人力资源？人力资源在公司真的重要吗？梦想着有一天做一个了不起的人力资源专家，但现在每天却在打杂，这是自己想要的吗？曾经以为做人力资源可以锻炼交际能力，到头来只不过是用人部门和求职者之间的传声筒，没做好还要背锅，她真的可以正向塑造我的性格吗？帮助我变得更会表达吗？离职后，更加迷茫，面试了好几家公司的人力资源岗，上班后才发现眼前的工作还不如第一家，就在这种恶心循环中，自己已经身心俱疲。突然，脑海里闪出一个奇怪的想法，如果我去考研，研究生毕业后是不是可以去到更大的公司，有更好的平台，更专业的团队，发展肯定会更好，于是乎开始备战二零一八年的考研，想都没想报了人力资源心理学方向的研究生，每天按部就班复习，憧憬着考上研究生后的各种美好，然而，现实总比我想象的残酷，当考试结果出来后，并没有过目标学校分数线。内心既有不甘，又有对未来的担忧，似乎每一个决定都不是按照自己的设想发展的，以致于做出选择后，即使付出了时间、金钱，结果却还是不如人意。想走考研的捷径，却碰了一脸灰，怎么办？是继续从基层人力资源开始做起，还是转行？思考再三决定先在网上看下人力资源及相关工作，那时因为考研，做着一份兼职教师的工作，当初想着好好做，说不定做得好还可以成为全职老师。可即使有教师资格证，会做题，每天面对几十个学生的学习答疑，如何让同学们快速的理解问题并掌握知识，成了摆在我面前最大的一大挑战，我尝试不同的方法，但没有系统的教学方法，无法保证知识的有效输出，不想误人子弟，最后决定离职。如上，经历了全职工作离职，盲目加入考研大军，尝试转行教育行业，前后花了近两年时间，除了一次次失败的教训，剩下的就是满身的伤疤。痛定思痛，下定决心做回人力资源工作并坚持至今，目前就职于某高新制造业企业人力资源部，从事招聘工作，工作内容有很大的发挥和成长空间，所以自己很享受也很珍惜这份来之不易的工作，再回头看，如果有人第二次问我是否后悔选择人力资源工作，我的回答是纠结过犹豫过，但不曾后悔过！一路走来，实属不易，以下将自己的一些建议送给各位同行，希望我们彼此温暖，相互支持，在人力资源领域，同行致远！1、选择没有对错，无关好坏，自我认可即有价值。大环境下，很过行业及岗位都只是社会这个大机器中的一颗螺丝钉，每个岗位都有其价值，不必过分羡慕别人。我们只知道三巨头科研人员的高收入，却不知道他们背后?96，我们会羡慕销售员的高收入，却不知为了一单他们付出的时间和精力是一般岗位的好几倍?、人力资源工作作为支持岗，最大的价值就是为研发、生产及销售提供服务，协助其创造更大的价值。认识到岗位的特征，并不断去优化，在和前端部门的沟通中，逐渐成为一个懂业务，会管理的专业HR，这应该成为我们不断追求的目标?、相信量变引起质变，学会从繁琐的事务性工作中找到目标，做好基础工作，静待花开。一如研发人员从早到晚做实验，记录数据，整理数据，模拟仿真，日复一日的做着同一件事才能让实验结果转化为最终产品，人力资源工作也需要从基础的流程梳理，工作框架搭建，模式优化等方面，不断的细化和打磨，我们才能做出一套兼具科学性和灵活性的工作模型，最后才能从事务性工作者逐渐转型为管理型工作者?、面对工作，不忘初衷，时刻保持一个敬畏之心。当我们从一个初出校园的职场小白到职场老司机，必定经历各种凶险，我们可以纠结，可以犹豫彷徨，但永远不能丢掉初衷，很多事情本身并没有意义，只是因为人们的坚持和付出，才显得分外珍贵?、工作的价值，除了关注获得的报酬，还有通过工作得到的成长。如果仅仅是为了一份稳定的收入，却感受不到快乐，得到不到成长，终不长久。想要在一个岗位上深耕，多少还是需要些理想主义情怀。同其他专业一样，人力资源管理本身就是一门科学，我们都是在理论的指导下，从事人力资源工作，并在实践中去感受工作的艺术性。这个过程，就是从混沌状态到有序性，从有序性到科学性，从科学性升华为艺术性的过程，每一个思维层次的提升，都是根源于个人认知和现实的碰撞，因此大胆的去实践，去经历，去反思，就会有成长。既已选择，不必后悔，加油便是?, , ,1.79E-06,-1
31,你后悔选择人力资源工作吗？,https://www.zhihu.com/question/375010303/answer/2292917376,Linda.?233,2021-12-31T03:29:02.000Z,2021-12-31T03:29:03.000Z,0,2,,人力资源工作的天花板从来不低。高效能HR画像是集观察者、诊断专家、思想领袖与行动者于一体的。人力资源是一项“四两拨千斤”的工作，千万不要认为投?00%的工作热情就能获得认可，我们一定要在规则范围内找到最快、最有效的路径去实现你的目标，哪怕要用一些手段。刚开始入行的时候，会想当初要是不做人力资源的工作会不会比现在过得好。慢慢的工作时间越久就没有这种想法了，感觉有做不完的事情，自然也体会到了其中的乐趣。真的沉下心来好好研究，会发现人力资源是一个很有意思的事情，单从专业知识来看，它早已经不仅仅是我们说的传统六大模块，我们要通过六大模块来做人才的甄选、组织的诊断优化、信息化标准化建设、各类体系的搭建及结合等等，这才是更有意思的。很多时候我们感觉到职业倦怠，工作价值感低往往是因为对工作控制感低，以及HR要处理各种关系，而有关系就有冲突。从心理学的角度来说，一个人的幸福感，就来自你对这件事情的控制感，和对关系的处理。因为没有控制感，就缺乏安全感。而关系不和谐，就会产生焦虑、挫败甚至绝望的情绪。还有就是沉浸在被动响应事情中。作为HR新人，前几年的事务性HR，短期打杂也很正常。毕竟涉及到企业管理的重大事项，是不可能放心交给新人去做的。而且中小企业往往行政和人力资源不分家，HR不光干本分的工作，还要兼职做行政。这使得经验较少的HR，想摆脱“打杂”的命运，显得不是特别现实。但长期打杂是不合理的。如果在HR领域深?年以上，还是天天打杂，不但你的专业水平毫无进步，整个职场生涯都值得你重新思量了。其一，你无法被委以重任这个听起来挺残酷的，但事实很可能就是这样。打杂的事情你都没有办法做好，凭什么会交给你战略性、管理性的工作？如果你真的给他一些简单普通的事情，也是错误不断，甚至还要帮他收拾残局。心累啊！这样的人，他的机会之门早已关闭了。其二，你没有展现出工作的价值HR工作属于后勤，往往自己累得半死，还吃力不讨好。在老板眼里，你就是个“花钱”的，而且只要你有“大动作”，那就要花“大钱”。但这只是对HR的偏见，HR部门当然也可以间接创造收益，比如推进业务、开源节流等。只是你没办法将这部分价值展现到企业眼前?, , ,0.00250597,-1
32,你后悔选择人力资源工作吗？,https://www.zhihu.com/question/375010303/answer/2541217247,sunflower9929,6,2022-06-23T05:59:28.000Z,2022-10-26T03:22:47.000Z,17,23,说实在话，后悔。后悔在于我没有在该拼搏的时候好好努力，后悔在于我没有在该决择的时候勇敢果断。这些都是我经历过后对于自己的反思，这份工作于别人可能是个很好的，只是我没有做到自己应该做的事情，有不得已，但更多是自己错误的选择。另外有几点对于这个工作的认知，与君分享：一、人力资源工作对于人的性格有非常大的要求，会说话会办事，在人力资源工作中会如鱼得水，毕?这是与人打交道。二、这个工作门槛较低，不是说专业的不具备更强的竞争力，而是说通过在工作中学习，大多数人也是能胜任的。三、这个工作也不是没有挑战性，人多变复杂，“与人斗其乐无穷”，这里的斗没有别的意思，只是相互之间的切磋，每个人的立场不一样，如果你能把对方说服，不也是一件值得傲骄的事吗。所以人力资源工作后不后悔，终究要看个人，于我后悔，没准于你就是最恰当的选择?022?0?6日人力工作确实纷繁复杂，能把人力工作做到什么程度，真是要特别看企业本身，企业所在行业属于朝阳，还是夕阳，企业所处的生命周期，企业领导的风格。能被大家认识的人力，大都是企业的光圈照耀出来的。所以是否后悔，要看自己所在的企业是不是能让人发挥自己的能力。仅是个人理?, , ,0.18688396,-1
33,你后悔选择人力资源工作吗？,https://www.zhihu.com/question/375010303/answer/2664010705,猎头纱夏,3804,2022-09-07T10:16:11.000Z,2022-09-07T10:16:11.000Z,0,0,从“钱途”来说，绝对不后悔！甚至庆幸自己在这个行业里，一直没有离开?, , ,0.5,0
34,你后悔选择人力资源工作吗？,https://www.zhihu.com/question/375010303/answer/1041850662,妙蛙种子,611,2020-02-27T11:18:44.000Z,2022-01-18T06:55:17.000Z,12,38,我坚信，任何一个行业，都可以做到顶尖，成为专业领域内不可多得的人才。在考研的时候就决定未来要从事人力资源，当时的想法很简单，因为所学的专业和商业结合最密切的也就是HR了。后来随着对自身与专业的认知，更加坚定了目标，这让我在入行一年半的时间里少了很多困惑。我大概知道自己需要学习什么、工作几年应该达到什么级别、未来能够有怎样的可能性等等。因为心有所想，所以处之泰然。当然我也会有迷惑，对自己某阶段的状态不满意，但是我没有忘记当初的目标，及时地做出调整和改变能够让自己想明白一些事情，并且更坚定地走下去。比如当我感受到在目前公司发展受限时，我会为自己寻找一个更好的平台。当我对社会了解不深的时候，以人力资源为切口进入职场，我觉得对我来说很合适。可能因为我是HR consulting行业，项目和专业要求我对所有的人力资源模块都要涉猎，我也乐此不疲。有时候一个人疲倦了、觉得自己无事可做，一是可能没有认识到行业的精深，二是环境限制住了自己的发展。感恩的是，我现在在人力资源这个行业里还是对一切充满了好奇，对新知识充满了渴望。我同时相信人力资源不是限制我学习其他专业的束缚，未来的职场需要的是多方面的综合人才。财务、法律、业务……这些知识都是需要大量涉猎的。孤立地看人力，才是限制住人力资源从业者发展的枷锁。我觉得在一家合适的公司里，HR有无限的可能性，关键看是否有撬动这跟杠杆的能力的机遇。我即将入职的公司合伙人有跟我说“人力资源不仅仅是管理，它是可以为企业创造价值的”，我很期待去见证未来如何帮助客户实现这个承诺。也许我过于乐观，但是我一直觉得，对自己坚守的东西，如果连本人都不能以积极的态度面对它，那么我坚持的意义又是什么呢？共勉?, , ,0.03029792,-1
35,你后悔选择人力资源工作吗？,https://www.zhihu.com/question/375010303/answer/1040950025,知乎用户,1114,2020-02-27T04:06:16.000Z,2020-02-27T04:06:16.000Z,4,16,谢谢邀请回答！根据我的经验，你现在的状态正处于企业人力资源管理工作的“迷茫期”。我称之为“迷茫期”，解释通常就是人资专业毕业，然后进入了企业，工作也干了三五年，工作也能完全做好，但职位没有提升，钱也没赚到，看不见未来。在我的理论中，“迷茫期”的下一个过程叫“转型期”。“转型期”顾名思义就是要做转型了，基于人力资源管理专业对转型通常有三种：1、往讲师方向发展（培训师、内容师等）?、往咨询师方向发展（人力资源体系构建等）?、升值加薪的企业高管（智?情商+机会）?条转型路的天花板都很高，都能让你走向人生巅峰.看你自己适合哪条路。前两条对于自身的技能属性由为强调和重要，都是要经过系统性的训练的，看你自己是否能下决心和去执行。当然这里面涉及到很多东西，有兴趣更多的了解可以一起探讨，谢谢?, , ,0.22091695,-1
36,你后悔选择人力资源工作吗？,https://www.zhihu.com/question/375010303/answer/2292081120,HR张糖?40,2021-12-30T08:39:18.000Z,2021-12-30T08:44:19.000Z,4,6,,在当下的时代，焦虑似乎成了最明显的特征。在人力资源行业，很多HR都有或重或轻的焦虑症：薪酬垫底、不被尊重、前途渺茫······某公司HR负责人抱怨：自大学毕业后，从HR专员做到HRVP，职位升高了，但成就感反而越来越小了。在很多传统企业中，人力资源管理是一项必不可少，可又谈不上有多大价值感的功能性职位。在多年前，人力资源管理行业就提出HR要成为企业CEO的战略合作伙伴，成为企业战略制定的参与者和共建者，而不仅仅是单纯的人力管理支持。但是在多年过后，这样的美好设想并没有完全的照进现实当中，原因何在？同时，HR从业者也面临 着各种职业“尴尬”。有一位HRBP，花了一年时间，把一个部门从无到有搭建成200人的团队，最后回顾发现，TA的薪资是?00人中最低的，连工作经验只有一年的都比自己高。传统的HR工作?、缺乏价值感?、缺乏对组织发展的直接贡献；3、缺乏大家的尊重?、缺乏职业发展的黄金道路?、缺乏自我发展空间。这5点使HR陷入没有得到尊重、没有得到认可、没有得到高工资待遇、看不到在企业发展的空间，也看不到自己在年龄稍大?0岁）以后的职业发展路线的困惑与焦虑中。如何从非核心角色转变为核心角色？HR能否开创出职业发展的另一片天地？OD（组织发展）是一个重要的选择方向。唐荣明博士这样定义OD ：打造领军企业的科学系统的方法论体系。从内容上讲：OD的支柱主要是人和文化，这两块也是与HR工作内容关系最紧密的部分。从职业发展空间来讲：OD参与到领军企业的战略打造方面，实现了战略合作伙伴的定位升级，从原来的非核心角色走向了核心角色。从发展方向来讲：OD高手不仅能帮助本企业CEO、高管实现战略目标，还可以走向外部，成为OD专家，帮助更多企业实现成功，从而实现个人价值的最大化。OD系统技能分为初级、中级、高级。每个等级都有相应的认证课程，例如，高级OD技能包括：OD咨询高管沟通谈判技能；OD实战模型操作技能；OD变革步骤及关键把握技能；OD行动研究技能；OD干预关键技能；OD咨询核心能力打造。从OD新手到OD高手，每一步都能够获得ISODC（国际组织发展与变革协会）、聚英的双重认证。从薪酬待遇来看：据统计，OD的薪酬相对于HR平均?0%的提升，对于HR来说，转型做OD是个“多金”的选择。一位曾在一线互联网公司做HRD的高管，转型做OD后，跳槽到一家独角兽公司任OD副总裁，薪水翻倍。再拿唐荣明博士亲身经历来说，做OD专家一年签单超2000万。OD为HR们打开了一片新天地?, , ,0.00791328,-1
37,你后悔选择人力资源工作吗？,https://www.zhihu.com/question/375010303/answer/2568611137,匿名用户,0,2022-07-11T02:26:47.000Z,2022-07-30T14:42:15.000Z,16,48,如果原生家庭是比较差那种，而自己又比较虚荣好面子，本身家庭氛围及自己是那种愚昧保守派的，可以试着做，所谓在最复杂的岗位学人情世故，这个过程需要点悟性。也很艰辛。但是对人生及家庭后代培养极为有用。但是仅?5岁前。为什么这个岗位只是面上光，而且作为公司非产出效益的成本部门，收入最低是非常符合经营逻辑的。?5岁是一个人 无论男女面对现实中经济压力最大的时候，如果hrbp这个岗位招一个年?0岁经验欠一点，又还有冲劲的年轻人，工资给同样多，相信老板会要那个年轻人。所以经常会看到35＋的hr，每天绞尽脑汁的保住位置，而有些认知低浅的同行会做出很多奇怪的事情。碰见这群同行的感觉跟遇到更年期妇女似的。而和老板做到一条心的hr，肯定有。唯独不心累的人是老板自己家的人，最好是子侄这种。但是真正的近亲血缘，谁不想做业务，会去做人事？除了老板刚毕业的小侄女，让在公司里熟悉情况。很多时?国情特色决定了权力是xx药， 而人事一直都是资本家的狗腿子身份 让相当一波hr迷失方向。出身低微的人，一心要爬上人上人的决心，让这个岗位看着如此体面。说真的，每次开经营研讨会，财务帮老板处理的合规税费问题，这是和经营直接挂钩的。人事呢，又有多少人用心关注过人力成本在经营活动中的情况，人力成本不仅仅是这个月薪酬开支，还有人员匹配情况，这里说的是比如张三这个月签单金?0万是销冠，他签?0个单还是1个单。如果月初的一个单，那他如何做到的，但是一个单吃一个月，感觉哪里总有点不对劲。老板说不出来，销售不管，人事当狗腿子的你可以不插?但是不能不清楚，因为这人是你招进来的。财务报人力成本太高的时候，那可不是一个数字而已?5岁后和老板投投名状保证一条心不被开掉的事情取决于自己，整天和管培生谈职业规划闭口职业发展，自己的职业规划什么时候用心考虑过。追名和逐利只能选一个，所?0岁以上的hr想明白时，男的可以转业务?和一个销售岗的应届生其实没分别，不仅仅是自己认为，老板也这么看。女的在想还?0年可以退休了，混一天是一天。少有魄力的女性转公司主营业务口，其实前多年在办公室里只懂聊天，做报表 和人谈谈理想人生职业，其实啥都不会。自己也没多少积蓄拿来搞业务 即使有，家里人能给予支持的并不多。你想把这个位置坐成养老院，难度很大。那些高高兴兴和人说自己是某某集团公司的hr一把手，的大傻妞们，赶紧去找自己的赚钱门路。别被体面忽悠掉人生后面的五十年。这可是半个世纪?022.7月更新从业这一行，前辈中很多很优秀很优秀的，幸好自己也有得以学习的机会。自己在这一行差的太远，理由就是我说的察言观色这一块，因为原生出身问题，很多低情商 高悟性，，所以勉强混口饭吃。吃到某天看老板传记，说是老板是个富二代，早年他先并没有在自家公司上班，而是去别的公司从最基础的工作做起，最后再回自己家上班。狠狠拍一巴掌大腿，原来有钱人都是这么磨练自己的，是拿别人家公司磨自己这把刀，如果自己家直接上手磨，会磨光家底的。于是内心坦然点了。就当自己这么多年为以后做事打基础了。自己亲眼所见做HR优秀的大神，最后转业务 也是一个传说，就是人格魅力特别特别像周总理那样的，可以调动资源和人的状态，团队做到一团和?士气特别高涨。但是背书和其他付出的代价，也不少，一般人狠难承受的那种，而且业务非常非常偏技术性，自己不懂业务却空降搞业务，被欺生的必经过程到最后能搞到一声令下，全军而动，也就短短几年。而老板真的信任么，不见得。。有点心思的 30岁左右就开始研究出路，到了35 你我这年纪，如果是女生。我建议还是多和家里人沟通沟通，也多研究一下，比如自媒体。毕竟咱们培训练了这么多年的口才，大部分HR形象因为代表公司做一些对外联络，女生整体外形条件很不错的。平时做内勤，公文写作能力是基本功，早年没人力资源专业的时候，多半也是中文系毕业生，在做咨询行业或者公众号什么的 也是个出路。其实个人更看好一个行业。可能有，也可能无。就是我们整天给人谈理想谈人生谈职业。其实这条路在学生高?尤其是高考结束前后这段时间，利用我们本身职业优势和社会经验，为学生提供有效的专业/学业选择→职业规划指导，包括上大学后的一些注意事项，以便将来更好的就业和择业。现在这几年高考生多少父母还是文化水平普遍不高，对社会认知比我们父母那代人能好一些，但是在职业规划这个渠道上，普遍还是存在盲区。而每年校招时，多少冷门专业的学生就业难，或者是扎堆专业爆仓那种，，而中学的老师 不可能对同学每个人都给予有效意见?, , ,3.76E-05,-1
38,你后悔选择人力资源工作吗？,https://www.zhihu.com/question/375010303/answer/1578189194,李松,20,2020-11-16T10:02:00.000Z,2020-11-16T10:02:00.000Z,4,21,做人力资源管理工作，除了学习必要的人力资源学、管理学、心理学、组织行为学等基础课程外外，还要大量吸收市场、经营管理知识，如果学有余力，还需要学习一些初中级的经济学知识，学经济学对管理模型、工具给你带来的思维桎梏有很好的松绑作用。尽管管理学一再强调“权变”，但体系完全能跟上市场节奏的企业毕竟是少数，因此学些经济学能让你知道人力资源转化人力资本之间的最优成本如何取舍。做人力资源管理工作16年，从不后悔这一行。任何公司，组织结构总是跟着战略走，有些公司觉得人力资源不重要，是因为公司还没有发展到一定高度，或者真正人力资源管理的核心工作其实抓在老板自己手里，而你却误以为你自己干的就是人力资源管理。好好打好基础知识，不断深入专业领域，同时充满信心不断期许自己每天的进步，我想随着经济不断发展，中国企业管理领域也会不断规范化，未来，时人力资源管理工作还是大有可为的。一家公司假如你以为人力资源管理部不重要，我想可能不是人力资源管理本身不重要，也许恰恰是人力资源管理部门提供的服务与公司当下的核心竞争力不能融汇贯通吧。所以，作为人力资源管理者一定要多深入行业领域以及参与公司战略的研判分析?, , ,0.05542291,-1
39,你后悔选择人力资源工作吗？,https://www.zhihu.com/question/375010303/answer/2538512782,知乎用户,679,2022-06-21T09:12:15.000Z,2022-06-22T10:33:31.000Z,12,33,本科学的管理学，曾经关注这个问题，看过许多有趣的分享，今天作为一个入坑又脱坑的人，想必终于是有资格回答一下这个问题了。——人力资源工作不是好工作吗？其实不算差。——后悔吗？虽然已脱坑，但不后悔，只是希望更多的人谨慎选择。为什么？1、这不是一个“创造价值”的工作纵观人类历史，人的斗争是永恒不变的话题；回望数百年资本主义发展史，劳资斗争是一场没有硝烟的持久战；回顾管理思想发展史，对人力资源的管理控制始终是企业内部管理最核心和最复杂的事业。之所以说人力资源管理这份工作不是“创造价值”的工作，并不是说这份工作“没有价值”，而是它的核心不在于向外开拓，而是向内管理。管理的核心要义在于资源分配的效益最大化，人力资源管理只是把人、劳动力作为管理对象。举例说，绩效，用以考核、控制员工，掌握考核权其实就是攥住了员工的半拉命根；薪酬，用以定价，薪酬可操作的空间说小就小，说大就大；培训，用以实现人力资本的发展，但是主要还是依托于对员工本身可支配时间的压缩而开展起来；员工关系在企业内更关注各项人事操作的合规性；比较外倾的模块就是招聘，指标量化程度高一些，但招聘的价值体现，往往也不会归功于人力资源部。此外，在企业内面向人的管理动作很敏感，管理层授权和收权相当灵活。人力资源管理工作本身的内倾性和面向对象，决定了其自身较难设定核心绩效，往往是干的挺多，成绩却看不到。具体是怎么体现的呢，这个场景你可能很熟悉：月度报表做的很细交给领导了，绩效评分模板发放也很及时，该对接给业务部门的信息也对接出去了，但是收效甚微，一切的工作产出可能只是月度例会上领导的某页ppt中某个角落的一句话或一组数字，不仅领导不太认可，广大员工更是明里暗里透露出不耐烦的态度。反观其他部门，营销人在紧锣密鼓地铺排新策划，设计部的白板上画满了智慧的结晶，哪怕是财务人一丝不苟的埋头苦干，在月底的这几天也举足轻重。空洞地盯着电脑屏幕，看着压缩又压缩的人工预算，你不禁会发问：这份工作的价值何在？2、需要和性格进行匹配“性格外向、沟通协调能力强、人际敏感度高……”很多HR岗的JD都会这么写，但是你有没有想过，外向的、能说会道的性格真的是做HR的必备条件吗？以我个人经验来看，HR不一定要外向，但外向的HR一定做的更风生水起。对外沟通候选人、对内协调各部门，横向联络，纵向汇报，组织大活动，安排小会议……HR的很多细节工作需要不同人的配合，自然就需要向人施加影响，外向的性格给在这一方面会给予你更大的操刀空间，在权力和职责不对等的情况下，运用语言的艺术，做好建设性沟通，让对方和你配合完成工作，这种能力是相当重要的。另一方面，人际敏感不代表性格敏感，一个好的HR也许对周围人的情绪保持敏感，但HR本身必然不能过于敏感。工作面对的对象是一个个鲜活的人，一个个充满七情六欲的人，他们的情绪、语言、举止会向你传递各种明暗的信息。他们可能对你推的优质简历嗤之以鼻，可能对你提出的新考核方案表达不满，甚至可能对你本身的身份怀有轻微的偏见和恶意——觉得你是一个HuaiRen。内心过于敏感和内向，往往更容易陷入人际信息过载的漩涡中难以自拔，导致高度的内耗，对工作效率乃至个人精神都会造成负面影响，所以一颗大心脏是不可或缺的?、国内人力资源管理本土化程度受限这当然和国情密不可分，国内现代管理学基本上是对西方管理学研究的搬运，水土不服现象广泛存在。莫说劳动法了，绝大部分企业管理层并不认同人力资源管理工作的内在逻辑和价值，人力资源基础工作流于表面流于形式，对实践的指导意义不强，甚至没有和行政管理工作剥离；较为核心的人力工作又往往被高层管理者像控制用人权一样牢牢把持，真正有志在人力领域做变革的人才如果硬要实施一些新标准，注定会撞得鼻青脸肿。换句话说，“中国式管理”仍然占据绝对主流。加上近些年劳资关系日趋紧张，HR成了资方的门面，自然也就成为了风口浪尖上的岗位，广大劳动者集火的靶子。用当年系里一位老师的话就是：“这片浑水，你敢去淌吗？”以上内容尽量保持了客观，尽可能地减少了个人经历和感情在其中的影响因素，要入行的同志们可以看一看进行参考，离开这一行的同志们也可以对照一下，如果有那么一点共鸣，或是帮助到了你，我将倍感欣慰?, , ,3.39E-05,-1
40,你后悔选择人力资源工作吗？,https://www.zhihu.com/question/375010303/answer/1830473658,知守?3401,2021-04-12T01:32:05.000Z,2021-04-12T01:32:05.000Z,2,21,,1.我不是做HR的，但对这行有一定了解?.你说天花板低，不知你所设想的人生巅峰是怎样一种情况？如果单以money来说的话，我见过两个年薪50?100万的人力总监，当然这样的是凤毛麟角，而且我见过的这两个人都不是人力专业出身……人力专业出身做到年薪二十万的还是有些的，当然这样的薪水不知你能否满意？我感觉可能达不到你所谓人生巅峰的要求。这个没办法，确确实实做人力的“钱途”比不上做金融、做业务?.如果你想有很大的发展、能财务自由，那在你出身人力专业的情况，假设你又不想完全脱离这一行，那只能将来你有资源了自己去创业，比如自己去开个猎头公司之类个人看法，未必对，毕竟我虽然有点了解但不是本人在这行工作的?, , ,0.13118791,-1
41,你后悔选择人力资源工作吗？,https://www.zhihu.com/question/375010303/answer/1970022433,泥鳅的小媳妇,11,2021-06-30T02:07:48.000Z,2021-06-30T02:07:48.000Z,6,19,首先回答你的问题：不后悔，三年时间不算长，可以继续做下去，可以通过这个岗位赚到钱，也可以实现价值。这一切的前提是，你要学会从这个工作中找到让你愿意付出的意义。接下来，就是怎么做的问题，其实没有那么复杂。背景：不能再差了毕业第三年的时候，我的情况比你更差?00人的公司做了几个月招聘，其他时间做的是销售，20人的公司做了一年多人事，所有人事行政的工作都要做。这时候刚好赶上疫情，小公司停业了，我开始找工作，找了一个月没找到，因为背景差，加上市面上很少有公司招人事岗位。出路：试探着走这时候我一边焦虑，一边也在想出路，也想过干脆不做人事了，后来买了几本人事的书看，网上查了一些资料，决定专攻薪酬绩效模块，因为这块最难，发展起来也最有价值，工资也高。于是我去看招聘网站，看别人招这个岗位都需要什么技能，然后就去学了excel ，是从函数到功能全学了，又去看了做薪酬绩效的专业的书。一系列操作以后，我又开始面试，还是挂了很多，因为人家都要求至少做过100人以上薪酬的。后来一家公司急招人，把我招过去了，一堆坑需要填的工作。选择：工作是做出来的但那是我那时候能做的最好的选择，做了一年多，这一年边在工作中实操，边在业余时间学习。在这一年中，有几个经历可以分享。一是我刚去的时候，工作就是做工资加上一些杂事，但我那时候分析每个月工资，这是以前没人做的，也没人要求做，做了以后老板觉得不错，让我深入做，于是把那些杂事丢出去让别人做了。二是原来的绩效考核是人事经理做，后来经理忙让我协助，我花了两天时间做了个完整的流程，和经理对，经理觉得不错，就放手让我自己做了，她审核就好。所以到后来，公司的薪酬和绩效我一个人负责，虽然累，但学到了很多。现在出去找工作，议价空间大了很多。所以，不要怕，这么差的我，都触底反弹了，你也可以的，始终不要放弃自己，不放弃学习就行！姐妹，如果还有什么问题，随时问我?, , ,0.0222918,-1
42,你后悔选择人力资源工作吗？,https://www.zhihu.com/question/375010303/answer/2548823067,沙漠骆驼,21,2022-06-28T05:00:08.000Z,2022-06-28T05:00:08.000Z,7,1,有一些后悔，但是目前已经做了十几年，要改行也没有更好的机会和精力，只能让自己慢慢爱上这个事情，继续坚持，争取能够有进一步的突破，能够在这个领域那一天突然开悟。我自己是个偏逻辑性的风格，做任何事情如果找不到逻辑就会做不下去，刚开始那些年做的很多事情感觉完全没有逻辑，为配合相关项目去做一些感觉毫无意义的事情也毫无成就感，看到很多身边的HR同事做一些为了取悦老板当时没有什么实质价值的项目内心是很鄙视的，这种鄙视是无法掩饰的，所以工作中和一些人也很难做好配合。自己的风格是偏务实的，做一些务虚的事情会感觉很痛苦。参加过很多会议很多人动不动就讲要做业务和HR框架的大图，当时实际看到的身边的事情都是扯淡的，做了点芝麻大的事情，结果花了个大图把这个事情说的貌似是西瓜那么大。逻辑上听起来是那么回事，当时实际落地感觉啥都不是。后面有机会自己负责一个团队，结合自己过去几年做的不开心的原因努力从尝试用适合自己的风格去做事情，慢慢找回一些成就感，当时仍然感觉要把一个事情做透真的是很难的一个事情。慢慢的感觉HR其实没有所谓的专业性。HR更多的时候不应该去叫HR，而应该叫综合管理更合适，即使有专业性也应该是管理的专业性，人生阅历丰富的专业性，看问题思考问题角度思考问题模式的专业性及内心正直（这个貌似不能叫专业性，当时如果内心没有一点信仰的话这个事情可能根本做不下去）?, , ,0.01330619,-1
43,你后悔选择人力资源工作吗？,https://www.zhihu.com/question/375010303/answer/2145482052,騰飛?3765,2021-09-28T15:56:36.000Z,2021-09-28T15:58:09.000Z,0,2,,老实说有那么一点后悔?1年毕业的时候，我的专业是工商管理，差不多是那个时候就业算是比较好的专业，可选择的就业范围非常多，考公，银行，互联网，各行各业而且岗位选择也多，那时候流行管培生，基本上都可以去，因为一些个人原因也没什么眼光就想留在杭州，错过很多大企业的机会。大部分时候还是不后悔吧，毕竟纠结这个也没多大意义，已成事实的事情，只能努力向前走，而且你要相信未来充满了未知数，要怀着乐观期待美好的事情发生。机缘巧合走上了人力资源的道路，最早主要在国企做招聘和培训，还有部分薪资及各项办公室工作?6年回老家以后进了一个房地产项目公司，做全套人力资源工作，后续兼行政及部门管理，做到专业经理级别，项目结束目前离职在家休息了半年，思考人生吧。有的时候在想自己未来要怎么走，如果要工作的话，估计也只能继续走人力资源的道路。大概可以理解你的心情，不过首先其实这个岗位的天花板还蛮高的，可以考虑未来走专业道路和管理道路，在大企业做小模块的专业负责人，或者能力足够强做人力资源全模块的负责人，很多公司行政人事不分家，行政人事负责人也是一条路，这些岗位的待遇和收入还是相当不错的，要记住一点，这个专业就和老酒一样，年限越长经验越多发展也会越好，而你才做了三年，未来可期。学习东西是主要靠自己的，人力资源说简单很简单，入门很容易，我带过七八个非本专业的人入门，但是要做好做精，真的有蛮多的东西要学习和钻研，如果有志于在这个行业长期发展，你若愿意可学习的内容是非常多的，或者可以拓展到行政，甚至运营等方向知识的学习，比如hrbp的最基本要求就是要贴近业务，而且在工作中很多学习的都是潜移默化不断积累的，我做了这么多年最大的收获我觉得就是察言观色，基本上一份简历或者一张照片我脑子里就有七八分这个人的画像且准确率还蛮高的。最后给个建议，在一个企业如果长时间没有太大的发展，时间成熟还是要及时找机会跳槽，人力资源要想在一个公司一路走上去难度并不小，跳槽是个提升岗位待遇及更多学习机会的好手段，不同的行业能学到东西蛮多的，待遇差别也很高，包括可以给的岗位，这个看自身选择。遇到同行多闲言碎语几句，供参考，祝你好运?, , ,0.00521297,-1
44,你后悔选择人力资源工作吗？,https://www.zhihu.com/question/375010303/answer/2178685936,潇潇?4910,2021-10-19T11:05:27.000Z,2021-10-19T11:05:28.000Z,0,0,,我们发现不少HR把自己定位为领域专家，但专家的一些职责是和咨询公司的作用是重叠的，特别是一些项目型工作。所以首先你要去考虑，你和咨询公司有什么不一样？什么是咨询公司不能做的？如果相互是可以替代的，要么咨询公司开不下去，要么你混不下去，或者可以挖个咨询背景的分分秒替代你。人力资源咨询公司以两种项目居多。一种以组织管控组织变革、薪酬绩效设计为主线；一种以人才管理为主线，当然也有其他的咨询，比如企业文化、培训、数据服务等。咨询项目有其天然的弊端，一般来说咨询项目周期较短，设计方案容易，长期运营，不断优化却是很难。比如薪酬绩效项目，做个模板方案容易，基于业务动态调整却是很难；做文化类咨询项目，提炼愿景使命价值观容易，不断的丰富内容，添加案例，塑造人物，从务虚到务实却是不易；这些都是长效机制。仅仅有方案是远远不够的，关键在于运营和不断优化。所以，去做咨询公司不能做的，这可能才是你更大的价值。除此之外，还有一些也是咨询公司做得不太理想的。比如有些咨询项目成果不是拿来就能用的，弄了一堆素质词典，搞了一堆评估，然后呢？现在把知识和能力都是分开的，咨询公司只能做通用的能力；但要达成绩效，从来都是知识经验能力等的集合；某种能力发挥和他有没有知识，有时候是有关联的，但咨询公司只能做通用能力这个维度，企业又往往没有意愿和能力去做整合，这就造成能力与知识的天然割裂，所以我们常常觉得做了一堆模型没有用。另外，有些绩效类的咨询项目。表面上看似也做战略地图，实际上还是没什么用，看似外部分析内部分析、SWOT分析，这还是套路；实际上关键问题没找到，还是浮在面上。没有找到业务增长的关键挑战，没有形成战略规划、到运营、执行的机制，绩效管理就不可能做好，而这一点不是仅靠人力资源管理咨询能解决的问题。以上这些我觉得都是咨询公司覆盖不到的，或是往往效果不好的，而这些是你作为HR可以有所作为的地方。我觉得这些内容偏COE的职责更多一些，所以只是出方案和政策是不够的，能不能有效运营优化你的人力资源系统，是总部HR们COE们的重要职责。对于“点”的技能，比如做个股权激励方案，做个薪酬方案，缺个某个方法论什么的，这种技能真不是最重要的。这些技能会固然好，不会也不丢人。我看到很多HR喜欢炫技于此其实找到底层的问题，关联的问题，甚至倒逼牵引业务及管理水平的提高这些系统思维的能力，抓关键问题的能力相比会某些“点”的技能，我觉得是高了很多。再谈谈HRBP，最近在和一些HR伙伴聊天的时候，看到不少企业针对HRBP岗位，力图把HRBP工作系统化，标准化。比如有些公司的HRBP团队编撰了《HRBP的工作手册》，我觉得这是一件好事，虽然HRBP的工作不可能全部规范化、固化，但有些还是有规律的，形成手册标准化，这是组织能力的体现。可我们又看到，有些HRBP的工作手册，从各模块到人才管理、企业文化、员工沟通、敬业度等都做了要求，这相比过去的确是有了很大的进步。但扪心自问，这真的可以贴近业务吗？如果是带着职能思维，带着专家思维，HR只能看到人力资源的系统，看不清怎么与业务协同的。表面上，HR越发重视贴近业务，和业务也有很多对话，业务的会议HR也都参加，但很多HRBP却是始终抓不住有效信息。常常听到的还是纯粹的人力资源问题，比如招聘任务，离职情况等等。如果HR不能在达成业务目标的关键点上去协同，而是在你“看到”、你“认为”的重点上做文章，那真的不叫“协同”业务，那还是HR自己的“自嗨”。HRBP的专家思维其实是很可怕的，实际上他把自己游离在业务以外，因为一旦你觉得自己是专家，你往往是被动的，因为你觉得你是来解决专业问题的，你就不可能去理解整个业务系统。我们看到无论是大咖分享，还是HR懂业务的相关文章，都是写得非常表面。实际上很多问题是业务问题、管理问题、“人”的问题，组织问题交织在一起的，你看不清楚全局，就不可能解决问题。表面是所谓的人力资源问题，只是因为职责和成果在人力资源层面呈现，比如绩效考核。而你的战略系统，运营系统是很差的，是不可能在绩效管理系统上开花结果的。不要去做专家，而是去理解你所对口的业务从目标制订到策略，到执行的整个脉络。养成一个业务管理者的思维，而不是专家思维。当然在这里我指的是你的视野，你的关注点，你的思维方式，而不是说越俎代庖的去执行管理者的。只有你养成业务管理者的思维方式，你看业务和管理的问题才不会割裂，你才能更好的理解尤里奇为什么在HR的胜任力模型中加入了“战略定位者”、“数据设计和解读者”这些角色，而这些角色当你具备了业务管理者的思维才会理解。尤里奇提到outside in的视角，我觉得是有点难的，国内大部分公司不具备这个条件。HR岗位天生不具备“由外而内”看问题的条件，所谓的“由外而内”往往得到的只是业务的二手信息，当然如果公司的信息系统比较健全，同时HR有相应的查阅权限，这会是一个优势。同样，作为业务管理者“内外兼修”的视角也是很难的，管理者往往看到了外部，就忽视内部。这时候作为HR也好，HRBP也好，天然具备“内部视角”的优势，并能够充分理解业务管理者的“外部视角”，就可以真正做到与业务管理者优势互补了。最后，读者朋友们可搜索添加：”职场的学问与实践“公众号，如下；与大家在威信交流，每天都会有新的文章，欢迎关注?, , ,1.31E-06,-1
45,你后悔选择人力资源工作吗？,https://www.zhihu.com/question/375010303/answer/2310638516,吉良吉影,1130,2022-01-14T08:57:16.000Z,2022-01-14T09:02:18.000Z,4,10,作为从事?年左右乙方人力资源咨询的人来说，我的结论是后悔。看一幅图人力资源管理者是top10为什么后悔，其实是我个人的原因，找工作一定一定一定要了解自己的性格特点，而我自己的性格特点来看不太适合充实人力资源的相关工作，这就会导致在这一段从事人力资源工作过程中，自己虽然有学到东西，但是其实并不算快乐。当人的年纪越来越大，快乐就会变得无比的重要，影响着自己的世界观价值观人生观，影响着自己的身体健康，影响着和周遭的人的关系。所以请在选择工作时候对自己要有更多的自我认知，有越清晰的自我认知，就会越知道自己想要什么，越知道自己想要什么，就越容易得到什么就越容易快乐！人力资源工作在我自己的认知里，最具挑战的一点，无论是甲方还是乙方，那就是自己所做的大概率不会是影响结果的最重要的因素。推行内部的人力资源变革，或者是作为乙方帮助甲方实现人力资源变革的过程中，所做的工作，对于企业产生的经营成果往往大概率不是直接影响，而且受很多其他不可控因素影响。这就导致了企业经营成果好，未必就是人力资源做得好，企业经营结果差，那人力资源得背个锅。这就导致能做好人力资源工作的人必须要具备良好的沟通协调能力（低情商：很会耍太极）所以如果你的性格像我一样其实比较偏内向，不太喜欢做内外协调沟通的工作，或者说做这样的沟通会花费你大量的精力需要通过长时间的调整来恢复的话，那我建议：朋友……三思而后行啊……往后的日子快乐就变得更难了?, , ,0.02469945,-1
46,你后悔选择人力资源工作吗？,https://www.zhihu.com/question/375010303/answer/1711760878,梦想吃不胖呀,14,2021-02-02T13:36:02.000Z,2021-02-02T13:36:02.000Z,9,13,看到这个问题，自己和大家一样，五味杂陈，甚至有一瞬间有些后悔~但还是觉得应该再坚持一下~大学选择人力资源，也是阴差阳错，主要是想逃避数学，可是也没想到还是没有逃过，然后毕?年后兜兜转转才开始从事人资。也就是说，到目前我真正做人资的时间并不算很久，没有八九十年那么久。在这个行业，真的是体会太多了。跟大多数人一样，一开始做的招聘，做了大概一年多，真正的365天每天都在招人，最夸张的时候一个月入职45人，离职38人，我可记得太清楚了，那个月做梦都在打电话邀约，面试。那一年里，感觉自己练就了一身看人的本事，来面试的人我看一眼就知道这个人适不适合我们公司，丝毫不夸张，到现在也是，我说不合适，绝对不会进入复试~那一年年度总结的时候发现自己一年面试上千人，哈哈哈，我们不是销售公司哦····夸张的离职率真的是马上劝退我了，还好后来来了新人事，我就转做员工关系了，那可真是让我觉得为数不多的轻松日子，不过这个也没做很久，公司负责培训的姑娘要离职了，我又转去做了培训，直到现在，也几年了。培训这块，一开始觉得自己啥啥都知道，啥都能干，闷头往前冲，愣是把公司的培训体系搞出来了。后来就发现瓶颈了，一直都那样，丝毫没有进展，那段时间一度怀疑自我，甚至想离职，还好也坚持下来了~说了这么多，主要还是想说，任何工作的天花板都是自己给自己设立的，现在的人力资源和我们上学的时候学到的已经不一样了，大公司已经开始划分三支柱，当你能做好任何一个内容的时候，你再看看其他的，一知半解，做了几年培训的我，对薪酬绩效真的是不懂，感觉自己做不来，还是得学，而且很多时候理论是这样，在公司实际操作的时候就又不一样。你如果觉得自己在公司学不到东西的话，想想自己感兴趣的是哪些内容，这些内容你又知道多少，梳理下来就会发现自己好像还是缺一点的。分享一个咨询公司的小姐姐告诉我的一句话，人事未来是必须懂业务，一个不清楚业务的人事是不合格的。专业能力只是其一，还得清楚行业动态和公司发展~, , ,0.00791328,-1
47,你后悔选择人力资源工作吗？,https://www.zhihu.com/question/375010303/answer/2344170411,ouqqqi,184,2022-02-11T12:56:14.000Z,2022-02-11T12:56:14.000Z,44,26,真的好后悔。大学还以为人力资源是一门有趣的偏心理学课程，分流的时候毫不犹豫的选了人力资源。毕业之后也去找了人力的工作。刚毕业的小白，只能从招聘做起。这家公司是家好公司，可这个岗位我厌恶透了。从20年毕业到现在，我现在恨不得想裸辞，但现在什么都没想好，不知道未来的每一步该怎么走，还是不敢马上辞职。每年面对各种形形色色的人，有一部分人我真的很不理解。但是出于公司hr的角色我不会去怼他们，只有自己忍下来。这是我最讨厌招聘的地方。另外就是部门那边会不停的催着要人，不管什么原因，只要是人没到就是招聘的锅。但是我们公司的招聘量小，也还是浑浑噩噩的过了这一年半。直到年底部门变动，我才发现我在这个部门是永远都只能做招聘。本没有什么生活压力，很有存钱意识也蛮节约。平时那个三四千的工资也不觉得有什么，直到年终奖我拿到了不小的数字。那天我很开心，花钱也变得大方起来，让我意识到我想要的并不是现在的生活，我希望能靠自己挣的钱多一些。而做这一行，一个普通人的水平，不上管理层最多也就四五千的工资。我逐渐的越来越忍受不了这个工作。面对各种各样的人每天都很烦人，工作中也要时时刻刻注意言行，因为一不小心很容易就要背锅。这一年多的人事经验感觉自己的心态真的成熟了不少。考虑了一段时间，我决心要转行。正巧我们技术部门那边要进一个八杆子打不着的关系户，正好我和技术部门负责人关系也好就也试着去问了一下，他同意了。准备关系户进了之后再和我们经理提这事，结果我们经理竟然卡了这个关系户的编制，技术部门的领导还拿我这事去怼了我经理。但好在事后经理也没提过这事，就此作罢，我转部门自然也转不成了，但是也加重了我想转行的决心。这几天烦躁的不断出现裸辞的想法。后悔选错专业，我其实一早就很讨厌和各种各样的人接触，而人事这行这是最无法避免的。现在就在考虑转哪一行，就怕再次走错路?, , ,0.09925062,-1
49,你后悔选择人力资源工作吗？,https://www.zhihu.com/question/375010303/answer/1142287399,壹人?355,2020-04-10T03:05:11.000Z,2020-04-10T03:05:11.000Z,0,3,,我想你应该要学会【提需求】。对自己，提出“我想要过什么样生活”的需求。对公司，提出“我想要的得到这些培训机会，或是转岗机会”的需求。对上级，提出“我想要接触其他环节的工作”的需求。只有多尝试，你才知道自己适合什么?, , ,0.37165162,0
50,你后悔选择人力资源工作吗？,https://www.zhihu.com/question/375010303/answer/2342381844,Steven.Ma,1310,2022-02-10T09:10:49.000Z,2022-02-10T09:10:49.000Z,1,3,作为一个在高中时期就立志要做一个HR的人，我来回答你这个问题。我目前从业12年，一直从事HR这个工作。也有怀疑过HR工作的含金量，但是从没后悔选择HR作为我的终身职业。原因很简单，任何公司，不管什么行业，规模多大，都逃不过人、财、物?大件。而这3大件中人是排在第一的，因为后面的两样东西都是靠人来做的。所以人力资源是个很好的方向。而人力和财务一样，也是一个随着年龄增长在增值的岗位（前提是你要不断进步，不要被这个岗位淘汰）。其次，人力资源按照传统来分?大模块，但凡你有1个模块能做到行业翘楚，你的年薪也能轻松过百万，别觉得我是危言耸听，这是真的。当然我也说了，是业内翘楚。第三，HR的职业规划其实丰富多彩。走管理类的岗位晋升就是从人事专员一步步走向HRVP，进而转型做CEO之类的。走专业条线就像我刚刚说的，每个模块你都可以做到业内专家级别的人物，你就可以作为咨询顾问走向乙方咨询公司的道路。或者你培训做得好，可以做职业讲师，传道授业解惑，轻松年入百万，我见过不少。又或者你招聘做得好，积累了一定人脉，做猎头也未尝不可，猎头的收入不用我说，你应该很清楚吧。现在说说HR的危机，HR的危机也很简单和其他的岗位一样，如果你停滞不前了，就会被淘汰。比如人家和你说6大模块，你要知道，人家和你说三驾马车，你也要知道，人家和你说OD你也要能说两句，保持学习是我们做HR的唯一办法。当然也是别的岗位的求生方式。所以，HR还是很有前途的，朋友?, , ,0.01814502,-1
51,你后悔选择人力资源工作吗？,https://www.zhihu.com/question/375010303/answer/1831337432,HR老王,167,2021-04-12T09:04:03.000Z,2021-04-14T02:44:09.000Z,0,3,谈及对任何事情的感受，我习惯用一话表达：如人饮水冷暖自知。选择HR到底会不会后悔，我想肯定是因人而异，不同的人生阶段对此感受也不尽相同。先说下我个人的职业经历：大学财务会计专业毕业后从事会计工作3年，初级会计师。我从小性格内向，有自闭倾向，社交恐惧症严重。后来发现做会计也不是不能养活自己，问题是工作太枯燥，而且身边很多人都在考会计证，有种千军万马走独木桥的感觉。偶然机会接触到了HR，感觉每天的工作内容变得更加多样，一改死气沉沉的样子。但没有立即放弃财务从业资格，每年也参加会计年审，一直持续了几年，后来决定专心从事HR工作。截止目前，工作即将?0周年，其?7年从事HR工作。我个人感受是，HR在改变自己，既有好的方面，也有令人痛苦的方面。积极方面改变性格。因为每天都要和人打交道，所以原来寡言少语的我变得更加善谈，虽然还是会有社恐的症状，但是一进入HR工作状态中，似乎像换了一个人一样。能力提升。HR工作中面对的是人，人又是复杂善变的，所以就倒逼HR不断自我提升。除了专业知识外，沟通技巧、谈判技能、逻辑思维……甚至包括文笔都在不断的提升。增强自信。HR要面对很多的大事件，而且要代表公司出头露面。所以经历的多了，自信心也是在不断增长的。坦然心态。HR见过太多的生离死别，谈过太多的劳动争议，慢慢的自己对很多事情就看开了、看淡了，心也就平静了。反馈生活。正是因为每天工作中要处理复杂且繁琐的事情，在面对生活时，似乎也就没有啥太难处理的事情了。消极方面不受重视。这是大部分HR会面临的困境，公司口头上讲以人为本，但HR不受重视是个不争的事实。有困难就上，有荣誉就让，这是常态。劣币驱逐良币。从业门槛低，大量胜任力不足的人涌进这个职位，良莠不齐、抢夺生存空间。优势趋弱。HR的工作技能其实是每个部门的管理人员应该具备的，所以一旦HR专业被更多的人掌握，就由如司机、计算机操作员一样，这个岗位会逐渐走向衰落。心理压力。HR就是个心理垃圾桶，你得耐心听不同的人倾诉，把对方负面的情绪接下来，然后给对方喝下鸡汤，而自己则有可能走向抑郁。任何一个职位都有其光鲜的一面，也有不为人知的痛苦。最近同事间在讨论跳槽能拯救工作不开心吗？我觉得，之所以不开心、工作没有动力，是对公司、对工作内容的一种厌倦，即便跳槽后能有新鲜感，但终有一天还是会平淡如水的。人的一生，是我们做出了选择，还是选择造就了现在的我们？选择HR是否后悔，我没有标准答案，也没有最终答案。我想，当自己完成全部职场之旅、退休赋闲在家时，也许会想起自己身为HR的那些难忘经历。而彼时，还会考虑是否后悔选择HR吗？毕竟TA是我养家糊口的工作技能啊。工作只是生活的调味品，有它生活会更多姿多彩，但如果把工作当成主食对待，难免本末倒置了。一个人穷其一生能否成就一番伟业，也要看TA所处的时代，所谓天时地利人和是也。身为HR，我只想说，平淡也是一种人生姿态?, , ,0.00712995,-1
52,你后悔选择人力资源工作吗？,https://www.zhihu.com/question/375010303/answer/1922047040,糊涂,66,2021-06-04T03:48:16.000Z,2021-06-04T03:48:16.000Z,0,3,看到此问题一直居高不下，做为过来人、对中国人力资源产业比较了解的曾经从业者（学过人力资源管理专业、也做过人力资源管理工作及人力资源产业链上的相关工作），简单谈几点供关注此问题者参考：1、中国是人力资源大国，但人力资源市场一直都是供小于求，即使在计划经济时代；因此人事或人力资源工作其实很少被真正重视；只是近些年才被那些真正市场化的企业（特别是科技类企业）重视一些，但你见过几个企业?老板或高层管理者对HR的重视程度超过财务？2、培训或培养是人力资源工作中一项很重要的工作，但现在还有几家企业愿意这么做呢？基本都是拿来主义、直接找有经验的人才，另一方面却说现在的年轻人不行，请问如果每个企业都不培训培养人才，年轻人怎么能行怎么能快速成长起来呢?、至于招聘、绩效考核、职位调整、薪酬变动、解聘等各项工作中有多少管理者能真的认真倾听或尊重过HR人员的意见或建议呢？4、中国的劳资纠纷为何越来越多？各类企业都是合理、正常的淘汰机制吗？请问这些企业法人、最高管理者或HR：企业是否按劳动法等相关法律法规给那些被淘汰员工提供了合理的补偿，对簿公堂时你们有谁见过企业法人或最高管理者本人直接出现在法庭上的?、在一线和部分二线城市中大部分企业的人力资源工作还能被老板或高层管理者认为是有一定技术含量的工作，HR工作者的地位和待遇也不错；但在许多二三四线城市的企业管理者们基本都不重视人力资源工作，找个“听话的自己人”负责人事或人力资源工作?、正常情况下企业要发展到一定规模时才需要有专职的人力资源工作者或人力资源部门，但二三四线城市（特别是那些经济欠发达地区、国企占比很高的地区）中又有多少家超?00人以上的民营企业呢？7、人力资源产业链上各类企业的发展现状及规模简单掠影：?）招聘服务机构（含网络招聘企业、猎头公司及各类有招聘业务的人力资源公司）：那些上市或非上市的公司有销售额过百亿的吗？文章开头时我就说过中国是人力资源大国，但享受到人口红利了吗？（2）培训机构：有几家上市公司？人员规模很大且销售额及利润都很高的企业又有几家？?）劳务派遣机构：有几家不赚黑心钱或灰色收入的企业？请问中国社保基金缺口这么大和这些劳务派遣机构没关系吗？?）HR软件厂商：请问有多少企业根本没用过HR软件，独立的HR软件厂商有几家规模较大、且销售额及利润都很高的企业？（（5）HR咨询机构：请问你知道或了解的中国HR专业咨询机构有多少家？人员规模较大、销售额及利润都很高的企业又有几家？?）社保服务机构：前几年号称要做全国社保平台的企业有真正做成的吗？这些企业目前是靠单独的社保服务在发展壮大吗？?）测评及背景调查机构：一直发展得比较不错、且还存活的企业有几家？?）考勤厂商：单独靠做考勤软硬件生存的企业有几家？?）相关法律服务机构：请问全国有专业做劳资纠纷法律服务的机构吗？或者主要做劳资纠纷类法律服务的机构中有几个发展得不错、形成了一定的人员和业务规模……综上，笔者不是说人力资源工作不重要、没有价值，是在客观理性的阐述现状，希望能对一些读者有所帮助和启示！, , ,0.001336,-1
53,你后悔选择人力资源工作吗？,https://www.zhihu.com/question/375010303/answer/2576354630,hr小王在努?140,2022-07-15T12:37:26.000Z,2022-07-19T02:45:51.000Z,11,24,,工作两年经历3次裁员，今年转行到人力行业，半年时间从hr升为hrbp。目前月?W+（仅代表个人收益，具体多少就不透露啦），坐标北京上市公司。先说结论：我完全不后悔进入人力行业，反而很感激这个行业给了我很大信心。曾经因为失业我一度陷入深深的自我怀疑当中，甚至产生了“是我的智商有问题吗”这种疑问。如今用半年时间，我一个半路出家的hr进阶为hrbp，让我觉得自己还是有价值的。希望我的经历，能给正在从事或即将从事人力行业的知友们一些参考和信心?仅代表个人经验）我会在本文持续更新职业相关经历，记得点赞+收藏，常回来看看！收藏是点赞?倍，已哭晕，求家人们顺手点个赞鼓励一下呀！目录如下☟☟☟我的工作及转行经历：2年内经历3裁员，转行半年内从hr到hrbp我如何进入以及为什么选择人力行业我从hr到hrbp做了什么职业规?--不同阶段的提升方向以下为自己真实感受，但千人千面，兼听则明。欢迎大家在评论区讨论~我的工作及转行经历：2年内经历3次裁员，转行半年内从hr到hrbp出生在四线城市小县城，四周环山，没见过什么大世面。按部就班地读书、升学，最终考入了一所三本院校。专业是网络与新媒体，可能很多人并没有听说过这个专业，因为我们学校这个专业一共才40人（苦笑）。一个新型专业，学得很杂，但啥也不精。和人力资源这类管理专业更是八杆子打不着的关系。毕业后留在了大学所在的省会城市---一个最不像省会的城市，大家可以猜猜是哪。是没有好企业、大公司会去我们这类三本院校进行校招的，毕业季我也加入了求职大军。当时想找运营相关工作，也算跟专业相关。毕业那年但现实就是---几乎没有公司愿意要没有工作经验的小白（哪怕你是应届生，也非常看重实习经验），现在我明白了公司只关注你的产能。为了省钱，坐公交车到非常偏僻的地方面试，生怕自己进了传销窝点哈哈（我真是太怂了）。找工作的过程就是不断降低自己的预期，看着boss上跟我打招呼的人越来越少，我知道我应该做出决定了。于是，一个月后，我以2500/月的价格我成功入职了一个工程公司做运营。作为一枚新媒体小编，公司营收不好，是我宣传没到位；后来为了抓住短视频的风口，我需要精通策划、拍摄、剪辑等十八般武艺；同事就是演员，每次都要求爷爷告奶奶让他们帮忙拍摄，奶茶钱都不知道花了多少。做不出爆款，没给公司带来转化，还是我没宣传到位?500要求?50W，好一招空手套白狼。加班回家的路上 一个人都没有了。。领导也曾对我破口大骂：你的智商低于平均值，根本配不上你的职位等等诸如此类难听的话。那一阵子真的非常焦虑，就是每天晚上都是半睡半醒的状态。最后的结果就是我没有逆风翻盘，反而被辞退了。第一次，我是以积极的态度面对这种情况的；第二份工作进入了一家创业型传媒公司，领导们开会天天宣导热爱、梦想，说什么公司养活着我们，要感恩等等之类的。但我出来打工，不图钱图啥？疫情期间，整个行业都不行，公司濒临倒闭，只剩下几个核心人员。这一次，我陷入了自我怀疑当中，“是我的智商问题吗”。一度非常受挫，吃不下饭、掉头发，每天焦虑又紧张。不多不?154根头发我是怎么走出这段日子的呢?--安慰一个人最好的方式就是我比你惨，失眠我就看各种励志故事，当然也离不开身边的亲朋好友鼓励。（其实说来话长了，此处省略一万字。。。）总之最后我走出来了，并且成功找到了第三份工作。到这里应该水逆退散了吧，呵呵是我天真了。入职之后发现团队在做的是一个创新项目，在职期间，业务调整了n次，最终一事无成。so，团队解散，各回各家，各找各妈。离职那天在下雨，我还是不争气的哭了第三次被裁后，更多的是麻木。这其实是我转行最大的原因，本不想给大家转播负能量。每次被hr约谈，我都想跟他互换一下角色。大多数时候，他们都充当甲方。不在一线做业务，却掌握着整个公司的管理权。对管理感兴趣的，人力行业是极佳的选择。“打不过就加入”，当然我也是经过深思熟虑的，下文会详细讲到我的考虑和规划。不过可以先跟大家透露一下，我是通过考了人力资源管理师证书之后成功转行的，对于我们这种非对口专业、又没有相关工作经验的来说，证书就是转行的敲门砖；对于正在从事这个行业的来说，证书无疑是加分项，也能学习一些先进的理念。我把人力资源管理师证书的信息查询链接放在下方↓↓↓感兴趣的可以直接点击在线咨询包括【非人力专业报考条件】、【初、中、高级报考条件】、【跨级报考条件】、【报名时间】、【流程费用】、【最新政策】、【拿证福利补贴】等等相关问题再后来，我就离开了生活了6年的城市，来了北京（也因为离家更近些）。疯狂投简历，“广撒网选择性放生”。二十多天的时间，我大概面了?0家公司。（面试大家如果感兴趣的话，之后可以详细讲讲）人超多，我当时非常慌乱最终入职了我现在这?000多员工的上市公司，月?W+。这对于一个工作两年的人来说真的不算多，因为我的应届生学妹做HR，大概也是这个薪资水平。按照常理来说，一个人工作两、三年之后就会变得佛系。但我把这次工作当做一个新的开始，别人不愿意干的我来干、别人嫌麻烦的我来干、别人搞不定的我来搞（当然我也经常搞不定）。努力不一定有结果，但不尝试就一定会有结果。在日复一日的忙碌中，回过头来我突然发现，在不经意之间我已经搞懂了部门结构、运营模式、关键性指标等等这些。这些东西也让我意识到理论基础是非常重要的，否则无法构建知识体系。所以，对看书，理论先行真的很重要！！机遇与实力缺一不可，部门bp因个人原因需要紧急离职，岗位空缺，急需一个懂业务的hr。加之我之前两年的工作经验与现在的业务相关，于是我的机会来了。好多同事说我运气好，但我始终相信运气是由努力积攒而来的。我如何进入以及为什么选择人力行业第三次裁员的时候，我内心其实是有准备的，毕竟已经有了前两次的经验。当时我跟公司其中一个hr是“饭搭子”，我跟他提过我想转行人力，但不知道怎么转。然后他跟我科普了一些人力行业的发展以及他考过的人力资源管理师证书。他告诉我说，如果是非人力专业又没有相关经验，可以去考一个相关证书作为敲门砖。以及人力行业经常有各种沙龙、培训活动等等可以参加一下。私下我对人力这个行业以及朋友提到的证书做了很多功课，以下总结?点，也是我为什么考了这个证书、为什么选择人力行业的原因。欢迎大家跟我探讨~1、人力行业在我国已发?0多年，生命周期长且稳定。随着社会发展人事已科学升级为人力资源，这意味着我们可以走捷径直接学习新的人力资源体系。很大程度上给了我们这种新HR弯道超车碾压“老人事”的空间和机会。人力行业的生命周期和稳定性堪比会计这类不可或缺的职业，大小企业，独角兽、上市公司都需要人力岗位：70年代，企业实行劳动合同制，出现人事这一概念70-90年代，国企和私企都配备人事岗，尤其是私企，人事的话语权极大，对人员去留有决定性作用。但那时并没有科学的细分?0年代以后，国家进一步加快人事改革，迈向科学化管理，出现了人力资源概念，职能进行具体划分?1世纪以来，一些著名咨询公司（如埃森哲等）引入中国?5年之后随着互联网的出现及蓬勃发展，头部的一些公司开始关注人力资源的科学升级，出现了HRBP、SSC、COE也就是人力资源三支柱18年至今，企业面临国内外的挑战不断，人力资源部门承担的责任更大了当人事发展成人力资源，尤其是对新入行的新手人力资源来说，我们可以把握更多机会。当我们以人力资源的身份出现的时候，应当具备更多的行业科学管理知识、认知、行业认可、和一些大企业的应用经验。让我们可以弯道超车，实现力?0年以上的老人事，拿到更多的上升空间。当然，10年以上的资深前辈，一定也有早已科学升级的大牛，所以我们的机会，是跟上行业大牛的脚步，加速度。so，行业认可、应用经验、学历，一定是我们新手HR一定要给自己挂上的标签?、晋升体系明确，职业发展向好，腾讯阿里华为等大厂都在学的新人力资源模型。人力行业基本按着现有体系稳步发展，就能逐步升职进阶。企业面对的挑战越多，尤其是现阶段时期，人力的角色就愈发重要，且薪资待遇处于中上游水平。人力从业者薪资待遇发展前景好，目前腾讯等头部大厂已引进人力三支柱管理模型，一些中小型企业也在逐步探索中。从HR价值出发进行重新定位，确保人力资源部门在公司战略推进和落地过程中成为可信赖的合作伙伴。角色越来越重要?、在所有行业都不景气的时候，HR岗位更值钱了。①企业更重视人力成本结构，可以说人力成本轻重直接决定了企业经营状况。这个从当下的“裁员潮”就能看出来，不少企业都在降低人力成本，某大厂裁员后实现首次盈利↓↓↓具体的规划执行都需要hr一一落实，部门结果如何优化、怎样实现利益最大化、如何善后等等。②企业最近几年人才流动性特别大，招聘、培训等，哪个都需要HR。不仅仅是招聘人才，更难的是留住人才，因为往往培养一个员工需要耗时耗力。如何留住员工，也是HR需要不断探索的。③从就业稳定性上来说，人力岗位更加稳定，尤其是经济不景气的时候?、人力部门整体定位为中后台支持部门，业绩压力较小，尤其适合女生。我国人力行业从业者女性约占三分之二，我们去面试时也会发现hr基本都是女性。除了人力行业的业绩压力小，更受女性青睐原因之外，大部分还跟大部分女性天生的特质有关。当你真正进入人力行业，就会发现HR非常注重软实力，我认为在这个行业女性会有这些天然优势：①沟通能力、同理心强。hr不仅要懂专业知识，更重要的如何把人力资源方案、制度等推行、落实下去；而执行，就需要与人沟通。人力资源管理，究其本质，还是管理人。大到老板、小到各员工的配合。与人沟通，更多的技巧就是“以不变应万变”。需要洞察力、同理心等等，需要从对方含蓄的语言里听出他的期待，进而寻求解决办法，满足双方需求。给大家推荐一本关于沟通能力的书，还没看完，感觉还不错。②耐性和坚持。经常有人把hr的工作戏称为保姆，确实工作就是要处理无数琐碎的事情。以及各种规章制度的推行，都不是一天两天能完成的。大多数时候，我们要一遍又一遍去重复相同的事情，而女性的耐性比较持久。③无私奉献精神。hr往往服务、奉献于他人，扮演着“成就他人即成就自己”的角色。女性愿意支持他人、支持业务部门的特质，在人力领域可能得到更好的发挥。（以上没有挑起男女对立的意思，杠就是你对）5、关于我考的【人力资源管理师证书】是什么？我能应聘上人力岗位，很大程度上是因为人力资源管理师证书。证书长这样考试由国家统一组织、命题、大纲，证书由国家人社部颁发，属于“国考级别”。是实打实国家和企业都认可的，已经改革流通近20年，说明证书培养出来的人才是符合社会需求的，当然如果你?00强的人力工作经验或者名校人力专业出身，那这个证书对你来说只是“锦上添花”。但如果像我一样没什么亮眼的经历，那证书就是小白转行的敲门砖。入职之后，hr明确告诉我要不是因为我有这个证书等等一系列经历，根本不会给我面试机会。当然简历不能干巴巴写只获得这个证书，比如你参加的沙龙、活动、实操课程都可以作为自己的经历写上去，这部分涉及到简历的优化与包装，在此不赘述。参加讲座的时候这个证书分为初、中、高级，等同于相应级别职称。我只符合初级的报考条件，大概也是去年这个时候开始学习的，涉及到法律、财务、统计等知识，自学很困难，所以是报班学习的。拿到证书之后，还有专门的面试规划指导。省得我再花钱找专人去修改简历培训了，相当于一份钱买了两份服务。最重要的是，让我觉得不是一个人在战斗。大部分老师总是希望学生能得偿所愿，那也是为师者的价值所在。我从hr到hrbp做了什么半年时间对于一个非专业出身的人力小白来说，从hr到hrbp，坦白来讲，速度挺快的。进入公司之际，正值公司架构调整，人员流动性极大，可以说比较混乱吧。每个人每天都有干不完的活儿。此时意味着我能接触到更多工作内容，是机遇也是挑战。我从不挑活儿，别人不想干的、干不好的我来干，没说我就能干好，但至少在这个过程中我是学到了一些东西的。两天能干完的活儿我争取一天半干完，这样我就有机会去干其他的工作。我很珍惜接触到其他版块的工作机会。（ps：不提倡大家无效加班）我们先来明确一下hr和hrbp的区别：从上图中可以发现，hrbp最重要的就是懂业务，只有懂业务，才能为团队、企业招聘到更匹配的人才，制定更合理的方案，让企业长久的发展。那么，新手如何快速熟悉业务的呢？主要分为以下这几方面，大家可以参?、了解公司及团队的商业变现逻辑员工和企业是合作关系，长久的关系建立在共赢的基础上。只有深入了解公司业务，才能更好的判断企业发展前景，从而帮自己和应聘者判断出这家企业值不值得去；反过来讲，只有了解公司业务，才能更知道公司需要什么样的人才。了解公司业务，可以从以下几个方面入手：2、掌握团队情况，这也是基本条件可以从以下几个方面入手?、数据思维，明白关键性指标所有的工作最重要的都是结果导向，如果不懂关键性指标，就难以判断应聘者的能力是否与职位匹配。尤其是在面对一些高级职位时，谈这些更容易吸引应聘者?、影响关键性指标的要素关键性指标是结果，影响结果的有多种因素，哪一部分由哪个部门负责。了解了这些，基本能听懂部门的例会了，也能给部门做薪酬和绩效方案了?、评定关键性指标成果的标准各部门是有数据了，如何评判成果呢？不能光听业务部门单方面汇报，hrbp也要对业务数据有自己的简单判?、哪些动作导致了现在的数据结果这部分主要作用是分析公司目前及未来面对的问题和挑战7、未来发展方向及策略分析出现阶段面临的问题，最后一步就是要找解决方案了。如果你对业务足够了解，基本就能够和业务leader站在同一层面沟通了最后，我的建议是一定要多跟业务同事交流。发挥hr天然“社交小能手”的优势，能接触到不同业务、不同层级的同事或领导，且跟这些同事基本没有利益冲突。我个人的习惯是多跟业务经理一起面试，也是一个学习的好机会，而且能更了解业务领导的潜在需求。职业规?--不同阶段的提升方向第一阶段：新手入行我一直秉承着理论知识先行的理念，包括我报班上课、以及平时也会读一些管理类的书。刚入行时确实很多东西理解不了，那就先学习理论、学习其他公司的优质模型。这个阶段一定不要怕累，打牢基础的黄金时期。高效支配时间，你会成长得非常快。很多人会觉得“读完我就忘了有什么用呢”。说句煽情的话，“你读过的书就如同你从小吃过的饭，看不见，但已经融入到你的骨血当中了”。没有理论连纸上谈兵都算不上。有一位优秀企业家的管理理念是：先僵化，后优化，再固化。任何事情不可能一步到位，在优化的过程中，潜移默化将理论与实践结合，最终形成自己的方法论。所有的学习都是理论先行。第二阶段：了解业务当把一些基础工作做好后，hr的重心在了解团队、部门、公司业务上。具体如何了解业务科参见上一段，在此不赘述。从公司到部门到团队到关键性人物，由面到点再由点到面。这一阶段方向感会越来越清晰，且会有一种掌控大局的感觉。这对于喜欢管理的人来说，会产生极大的成就感。第三阶段：成为骨干写到这里，开始心虚哈哈。不过这是我个人的规划，欢迎大家来跟我探讨~这个阶段，老板、你的领导、业务部门都需要看到你的工作成果，当然自己也希望能做出有价值的方案。之前的储备，包括管理方案、思路、制度、办法等，真正进入落实阶段。此时管理的核心要素?---人。如何推行新方案？如何落地？如何调动各部门配合？如何满足部门期待？……软实力显得尤为重要，比如协调能力、组织调动能力、人际关系的处理等，需要洞察部?团队的行事风格、潜在期待、关键人物等，并把握这样一个组织中人力岗如何协调开展工作。第四阶段：成为高管一般到这个资历，大概已经过?0年左右。基本上酸甜苦辣都体验过一遍了，也看透了很多事情的本质。且已经具备了出色的业务能力，除此之外，心态极其重要。“知世故而不世故”，与逆境和解，对所有的结果坦然接受。把环境当做对心态的磨练。以上就是我的工作经历以及工作感悟了，万分感谢屏幕前的你看到了这里~如果能对你有所启发我真的倍感荣幸。不知不觉，已经到了尾声。又到了日常求赞的环节，码字不易，求点个小心心鼓励一下。最后的最后，愿我们都将拥有光明的未来。共勉！, , ,0,-1
54,你后悔选择人力资源工作吗？,https://www.zhihu.com/question/375010303/answer/1208511522,Loop,93,2020-05-08T04:09:06.000Z,2020-05-08T04:09:06.000Z,4,1,人力资源部门≠人力资源，企业的三大权力“人?财权 事权“其中人权是牢牢掌握在老板自己手里的，人资只是执行角色而已，这和政府机关的人事组织部不是一个概念，人事职位属于职场歧视链的底端，付出与其他业务岗位一样的努力甚至更努力也得不到相同的回报，想赚钱想获得更多就别做hr，做hr就要心态放?, , ,0.34747304,0
55,你后悔选择人力资源工作吗？,https://www.zhihu.com/question/375010303/answer/2097478718,蒙?1432,2021-09-01T12:12:53.000Z,2021-09-01T12:12:53.000Z,0,0,,"人资互联网思维怎么整啊，互联网思维就是 第一个是说业务市场上的互联网思维,第二，市场管理上的互联网思维。那业务上来讲呢,就是要利用互联网的一个工具，来如何将我们的产品宣传。然后进行销售啊，短平快,纳入管理角度来讲,就是说，我们有互联网的思维,跟得上进行提高效?第二呢，就是在管理结?组织架构上，沟通上要跟得上时代的变化吧,也是比较扁平化的一个模式的,这么多东西，条条框框的环节吧。应变沟通上 节奏要快 抓住重点人资对新人很不友好的，比如你要招一个视频审核岗位，或者主播，运营等岗位，一般这?是三天内约百人到?选出十人入职 所以要有学校资?直接去学校找班主任们，要?百人 电话打着都累 让班主任去通知就行再好比招聘，代招 rpo，外包或者劳务派?每招一个工?进厂进国企电子厂就是xxx 。现在赚钱的机会?能接下来的人 是会资源变现的人 会整合资源比如一般互联网HRD HRM 不是人资六大块玩的转就行 是要15天内就展现实力，比如 招聘任务 15天达?15天内公司不会给费用的 全靠自己的渠?有没有本?见真章招募快节奏 人才梯队搭建 淘汰机制应变沟通上 节奏要快 抓住重点慢慢?什么行业入门的前十年都难一起努?一直学?终身学习 保持旺盛的求知欲", , ,0.00974495,-1
56,你后悔选择人力资源工作吗？,https://www.zhihu.com/question/375010303/answer/1040925391,心理健康东少,56,2020-02-27T03:54:21.000Z,2020-02-27T03:54:21.000Z,2,1,既然选择，肯定就不会后悔。关键是人力资源是一个创造型的工作，涉及很多的专业知识。比如心理学、组织学、社会学等等，在结合业务、战略。其余做人力资源也是很幸福的一件事情，最重要的：方便以后转型?, , ,0.39649037,0
57,你后悔选择人力资源工作吗？,https://www.zhihu.com/question/375010303/answer/2140230812,知乎用户,737,2021-09-26T00:43:11.000Z,2021-09-26T00:43:11.000Z,0,0,体制内的话，那可是组织人事部（干部部），你觉得呢?, , ,0.44767846,0
58,你后悔选择人力资源工作吗？,https://www.zhihu.com/question/375010303/answer/2739269023,筱筱爱吃?123,2022-11-01T03:10:03.000Z,2022-11-01T03:10:03.000Z,2,2,,要说完全不后悔，那肯定是假的。就算现在说的人力资源对公司的发展有多大的推动作用，专业度有多高，回到现实，人力部门大部分就是背锅侠、打杂工。别看哪些管理专家说的多好多好，有时候也就是自说自话，自己都不认为自己好了，让别人怎么看？再说下人力的六大模块，在实际工作中，常用的也就是招聘、培训、薪酬绩效、员工关系，你说还有个人力规划？那多数是飘在天上的，落不了地。而且接触到的内容也是浮于表面，流于形式。就拿招聘来说，你要做深一点，就要切合战略，要用到规划，实际上呢，好多老板自己都不知道自己要什么。公?发展过程中，老板首先想到的核心竞争力，可能是技术可能是产品，但绝对没几个老板说他的核销竞争力是人力资源。所以公司的实权可能掌握在技术部门，产品研发，乃至营销部门手上，因为这些部门是利润创造中心，绝对不会掌握在人力部门手上，就因为老板看起来，你是费用中心，是花钱的部门，这个时候，不边缘化你边缘化谁？招什么人，用什么人，晋升谁，淘汰谁，哪一个你说了算数？只有需要你去善后的时候，才需要你去搭台子唱大戏。就拿我现在在职的公司来说吧。当年刚成立的时候，因为是同步在全国搭班子，需要HR去组建团队，业绩么，暂时还没有，所以HR很有话语权，留人，用人，招人，都不用过业务老大，先把台子搭起来，团队整合好。到了今年人力的话语权明显减弱了。什么都要过业务老大，人家说淘汰谁，你就得配合去弄，要不给你扣一个阻挠业务进展的帽子。对于人力中心来说，工作的方式也有了明显的变化，从之前的指导业务开展，变成了配合业务进展。连人力的老大在对业务的要求，都是妥协的，只要能促进业务回款，好多都能睁一只眼闭一只眼。当然，我说的是部分企业的状况，不是全部，也有人力话语权很大的企业，但是，在目前西安这个环境下，能够意识到“人”是公司最大资源的老板，毕竟是少数。当然，对我个人来说，既然已经从事了这一行，那么就继续走下去吧，抱怨归抱怨，现实归现实，自己还是多掌握一些能提升自身价值的东西，能搏一搏，给下一份工作提前做个准备吧, , ,0.01814502,-1
59,你后悔选择人力资源工作吗？,https://www.zhihu.com/question/375010303/answer/1897526650,刘子?76,2021-05-21T02:33:28.000Z,2021-05-21T02:33:28.000Z,0,0,,基本看了所有回答。建议新手不要入职人力资源坑。因为这是一个没有未来的岗位。老师医生越老越吃香。人资你看看四十岁还有几个人能找到期许的工资?3个回答里有转行的，有进入相关岗位的，有一飞冲天，有发展顺利的。但我告诉你，这不是常态，这是个体。有从事人资的心，去考法考当律师，去考会计当财务，这2个哪一个不比人资香一百倍?, , ,0.3240562,0
60,你后悔选择人力资源工作吗？,https://www.zhihu.com/question/375010303/answer/2572637963,知乎用户,1186,2022-07-13T08:59:45.000Z,2022-07-13T08:59:45.000Z,0,1,后悔没从事人力资源这个职业啊！！！性价比太高了！！！！我现在入行还来得及么？我就做招聘~, , ,0.47376722,0
61,你后悔选择人力资源工作吗？,https://www.zhihu.com/question/375010303/answer/2676836818,琢磨先生,2,2022-09-16T15:12:37.000Z,2022-09-16T15:12:37.000Z,2,10,我是学的人力资源管理专业，记得在读书时老师对我们说：学人力，找工作要去北上广。当时只是觉得老师说了句玩笑话。当时对这个专业认识不够，对现实企业管理没有什么了解。学了一个自己以为的专业。现在参加了工作，有几点感悟?、部门一把手一定是人力资源负责人；2、人力资源的价值体现在业务促进程度?、人力资源管理一定是实事求是，不断沟通地实践出来的；4、人力资源管理是有工具的，学会用工具打开思路?、做过人力资源管理工作，让我们能够用把合适的资源放到合适的位置上的眼光看待眼前的人或物。现实有人说一堆做人力资源管理的有什么用，有一两个就可以了。个人觉得主要还是看企业发展的规模，人力资源管理的工作一直贯穿企业发展过程中，只是看谁承担的多少的问题，早期可能创业者承担大部分，后期有下边部门领导承担一部分，专业人士承担一部分，看企业内部人员素质，组织规模，协作模式等方面，来决定人力资源管理工作的安排。个人觉得我们应该对这个专业有信心！理念的学习让我们能够理解人的价值?, , ,0.17144603,-1
62,你后悔选择人力资源工作吗？,https://www.zhihu.com/question/375010303/answer/2320965273,匿名用户,0,2022-01-22T11:06:48.000Z,2022-04-23T14:29:26.000Z,42,10,当然会，从事任何工作都会有后悔的时候。男?0年，本科?014年初入行，新一线城市，从助理开始，专员、主管，再到经理。目前，在家乡三线城市，工贸一体企业人事经理，员工500人不到；在八年的人力资源职业道路上，?-5次想转行，以后也可能还会有转行的想法?013?月，本科毕业，我在一家知名的饮用水公司工作，业务助理，每天跑超市、食杂店，我觉得和客户打交道挺难的，觉得无所适从，辞职了?014?月，辞职以后，花了一个月的时候积累人力资源理论知识?月，进入一家电子商务公司，做招聘助理，主要负责招聘和基础培训，工?500?月。公?20.30人，除了我，我们人事行政部配经理1名、行政专?名、薪酬福利专?名。半年后，经理离职，部门变成3个人，老板也没有加人的意思，部门也能运转，这一做就?年，全靠自己摸索和自学，挺后悔这两年的工作经历，基本就是蹉跎岁月了?016?月，从电子商务公司辞职了。进入一家电器代理公司，做人事专员，工资?500元，还是自己摸索，没有专人带教，自己的自主学习能力也一般，只是这个时候不比刚毕业，已经感觉到很大压力了，危机感很重，知道继续这样下去不行?016?0月，再次换工作，进入一家待上市的工贸一体企业，员工900人左右，做招聘主管，独立负责整个公司生产+职能+业务和技术部门的招聘工作，忙不过来就是配一个实习生，工资是5600元。人力资源部除了我，还有总监、薪酬福利专员、人事专员，部门还是4个人（一年后，新增培训主?名）总监是专业大佬，工作中给我各种指导，也慢慢了解了薪酬管理、绩效和其他工作，在这里工作?年，培养出了专业能力，离开的时候算是一个高级招聘主管了?019?月，进入一?0人左右的贸易公司，人事主管，工资7000元，第一次作为部门负责人，虽然底下就一个人，但是有了站在公司层面思考人力资源管理如何开展的机会，虽然只是工作了3个月，但是，在这里的时间，好好梳理了以往工作的经验，找到了自己的不足?019?月，辞职，离开新一线城市，有一年的时间没有在人力资源行业了?021?月，重新进入人力资源行业，家乡三线城市，本地知名的地产公司，人事主管，负责员工关系模块的工作，工?500元（本市房价1.1-1.3?平米），包三餐，且提供住宿，工资低一点，福利待遇还是不错的。公司是知名的，工作量大，加班较多，其实这些都不是事儿，问题是上司是个完美主义，而且太抠细节，擅长行政管理，人力方面也不是特别精通，做得不是很开心?021?月，辞职了，进入一?00人左右的工贸一体企业，人事经理岗位，工?000元，包三餐，且提供单间住宿，年底2-3个月工资的奖金，算是理想一些的工作机会了。目前，部门运转良好，按照自己的理念在推进人力资源改革工作，还不错。算下来?013?月至今，已经?年的时间，人力资源行业待?+0.5+2.5+1.5=6.5年，一路坎坷，自认为专业和工作能力还比较普通，还需要更多的学习和积累?, , ,0.00380942,-1
64,你后悔选择人力资源工作吗？,https://www.zhihu.com/question/375010303/answer/1171882078,平分秋色,21,2020-04-22T06:37:08.000Z,2020-04-22T06:37:08.000Z,1,3,没有后悔过。虽然曾经加班到晚上十点，月初月末总是有一大堆的数据报表需要处理，但这就是一种锻炼。从人力的六大模块中，逐一去摸索，实践，就能探索出更加适合自己的模块。不过这个行业确实需要时间的沉淀。现在越来越多的企业更加重视人力部门，知道对人才选用育留的重要性，所以我相信人力的发展前景，我也相信自己的选择?, , ,0.37165162,0
65,你后悔选择人力资源工作吗？,https://www.zhihu.com/question/375010303/answer/2559868412,匿名用户,0,2022-07-05T08:46:55.000Z,2022-07-19T00:59:08.000Z,20,4,目前还不后悔。先讲讲我的经历吧。我毕业7年了，单身未婚，大学学的土木工程，也就是和四大天坑“生化环材”同名的，被称为“劝退第一专业”的土木工程。应届找的对口技术工作，偏设计，做了大概两年，因为实在接受不了出差要上工地，一呆就是个把月，也对本专业无兴趣，所以产生了第一次职业迷茫期，经过两个月的调研、思考、抉择，最后选择辞职考法硕。我是小康家庭的独子，父母支持，所以脱产考研是我可以选择的我认为比较好的路子，但是遗憾的是，考了三年都没考上，还一度患上轻度抑郁。第三次考研失败后，开始尝试考公，考公成绩尚可，但自己心高气傲，只愿意考虑市直以上的热门岗，所以也屡屡败北。期间经历了疫情爆发，疫情缓和后，开始考虑回归工作，机缘巧合发现之前的销冠同事被委任到一个直辖市，担任新的子公司总经理，他正求贤若渴，我正焦虑彷徨，一拍即合加入了他的团队，其实还是回到了老东家集团，只是所处的子公司不同，老板是之前的同事而已。虽然是子公司，但实际集团的策略是仅控股，实际经营全权由总经理把控，利润大头也是总经理拿。公司无非就那几个部门，人事、财务、销售、技术、工程。求贤若渴的老板肯定是希望人尽其才的，技术出身的我对技术不感兴趣，销售岗我接受不了常年出差去拓展市场和低底薪，财务有专业门槛也不感兴趣，工程就更别提了，是我最讨厌的常驻工地的模式。那么，能做的就只剩下了人事，而且我对人事还算比较感兴趣，加上我个人综合素质比较好，于是慢慢的我就成了公司的人事负责人。公司虽然只有几十人，但是老板对人事的要求极高，六大模块都要抓，事一点也不少，且我部门实际上只有一个下属可用，一个已婚已育的妇女担任行政人事专员。不过好在老板给予我的权力也不小，使得我可以比较顺利的插手各部门工作，也就是说，我也做起了HRBP的事情。我是个比较佛系的人，时常摆烂，偶尔努力。而且尴尬的是，我在家期间研读了毛选，各种厌恶资本家，导致前期我当人事时，我的作风反而是拉拢员工对抗老板。。。后来经历了一年后，转变成了站公司，站集体。当然，心还是偏向员工的。总的来说，我对人事这份工作，还是比较认可的，干的也很开心。我这么多年也悟到了一个道理，就是：”你要想清楚，你为了什么可以放弃什么。“我现在就是想有一份尚可的收入，做一份自己感兴趣的工作，有足够的时间安排自己的娱乐生活，那么，时常加班的技术和常年在外的销售我不感兴趣且影响了我的娱乐生活，虽然这两个可以赚更多，但我愿意放弃，财务我也不感兴趣且转型难，那我选人事还是挺好的。当然，我是这样的，每个人的情况不同，比如我就见过一个非常想去非洲工地的土木女生，还是个网红好像，最后还如愿以偿了，这在我们广大土木人看来，是匪夷所思到不亚于太阳打西边出来的。但是我想这女生可能确实是喜欢工地吧，喜欢非洲风情吧。。。还是劝各位多多思考，一定要想清楚自己目前的需求。说不准我过两年更想赚钱，抛弃我的所谓兴趣和娱乐生活，去跑销售了也说不定。不过我目前还是认为，我建立起一套比较系统的人力管理知识，实践积累经验，再考几个证（理想的是经济师人力+法?CPA+一建），再读个MBA，总能有一份不错的收入吧。其实我们老板想让我当合伙人来着，但是我们家现在平稳发展，本来是刚需房车不愁，这风险我真不敢冒，我也没合伙人级别的资本，还是老实当个打工人吧?, , ,0.00203215,-1
66,你后悔选择人力资源工作吗？,https://www.zhihu.com/question/375010303/answer/1041635151,匿名用户,0,2020-02-27T09:32:20.000Z,2020-03-09T04:44:11.000Z,31,4,看了你这描述我以为是我自己写的呢，我先说下我的情况，我是某末?11人力资源管理专业17届毕业，说真的我挺后悔的，早知道就学计算机了，我总结了一下我觉得后悔的原因主要有1.钱不多（当然也有工资很高的HR，但是真的少）；2.替代性强不更了哈, , ,0.39649037,0
67,你后悔选择人力资源工作吗？,https://www.zhihu.com/question/375010303/answer/2097872828,张胖?3242,2021-09-01T16:17:32.000Z,2021-09-01T16:24:10.000Z,1,5,,现在?凌晨 0:23，刚下班回家躺下。一句话：不后悔不会后悔自己做过什么，因为知道那是有意义的；会后悔自己还没有做到什么，如果明知可为而没去努力尝试?, , ,0.44767846,0
68,你后悔选择人力资源工作吗？,https://www.zhihu.com/question/375010303/answer/1041794477,匿名用户,0,2020-02-27T10:51:12.000Z,2020-05-18T12:41:23.000Z,5,3,想赚钱就别做这个，除非你做到很高的职位转行了，祝君好运腰间盘突出，背部右侧中间骨头错位，站也不是，坐也不是，弯腰要了我的老命工资都治病去了。希望大家好好爱惜自己的身体, , ,0.39649037,0
69,你后悔选择人力资源工作吗？,https://www.zhihu.com/question/375010303/answer/2729401494,半梦?0,2022-10-25T03:15:24.000Z,2022-10-25T03:15:24.000Z,1,2,,人力资源工作一方面需要学习不断提升，要懂战略、懂业务、懂架构、懂心理学、懂人效等等，还要懂招聘、懂培训、懂核心机制、懂搭建；要具备人力资源管理能力、项目管理能力等等、财务管理能力；但是执行工作中会出现背锅、善后、辅助工作、业务部门不理解、不积极、不配合甚至不尊重诸多问题。很多人力资源从业者是真正喜欢这个岗位，不是没有经历过这些问题，自身认为能持续体现自己的价值且获得一定自我成就感才将人力资源作职业规划中重要环节。一二线城市注重专业及效能价值、其他小城市更注重驱动和输出价值，而未来对人力资源的要求会越来越高，配套机制也会出现。确实在非一线城市，靠人力资源资源走上人生巅峰的机会确实少些，认知会受限于所在行业、所在城市、所在企业的环境，不?现在的职业发展已经由纵向——十字——井型——网状了，岗位不是决定人生阶层的指标?, , ,0.22091695,-1
70,你后悔选择人力资源工作吗？,https://www.zhihu.com/question/375010303/answer/2694628717,匿名用户,0,2022-09-29T05:52:35.000Z,2022-09-29T05:52:35.000Z,0,2,从事人力行业大概1年多，有点后悔，我是文秘出身男生，第一份工作室签证中心每天过的很自由很快乐，但是疫情来了只能辞职换工作，找了个薪酬干了10个月疫情被裁然后近期又找了个人事专员，现在一个人干薪酬、员工关系、档案管理、劳动仲裁。我都快累死了，前几天领导还给我打绩效分?4，导?680的绩效全扣光，嫌弃我干活不够仔细，但是我刚入职一个月啊咋这么高要求，我还得收拾之前同事的烂摊子。而且这活是个人都能干，稍微学学就行，在考虑要不要转行?, , ,0.27984147,-1
71,你后悔选择人力资源工作吗？,https://www.zhihu.com/question/375010303/answer/2589468026,康康,13,2022-07-23T15:25:44.000Z,2022-07-23T15:25:44.000Z,2,2,前段时间和一个相识很多年的HR老朋友见了面，聊了很多，其中有个问题我想应该是当下很多爱思考的HR都会困惑的，她提及到：“以前做招聘，感觉蛮有意思的，每天事情很多但也充实，轻轻松松就完成招聘指标了；但现在做招聘，事情还是那么多，但一天比一天难，事儿没少干，但结果总是差强人意；究竟问题在哪呢？”我想这个问题早就不是什么新鲜话题了，只要思考过，随便拉个HR出来都可以总结个一二三四五六。我和HR打交道近10年了，我遇到过太多HR谈及过这个问题，今天基于这个话题，我聊一聊我的观点。在展开这个话题之前，我突然想到一句听起来危言耸听的话，说“时代抛弃你的时候，你可能都来不及说一声再见”，其实我细想一下，还真的是有那么点危机。我们很多的HR在做招聘的时候，年复一年日复一日的像个机器在做事，每天发刷职位、筛选简历、聊天候选人、邀请面试、安排面试、沟通offer、办理入职，岁末年初做做汇报，保不齐还日常再打打杂，操心下其他的琐事...有的HR说，做HR不就是这些事吗？不做这些做什么呢？其实也没错，事情还是这些事情，但随着时代的发展、市场的变化、Z世代年轻人的崛起，我们要思考的是这些事情要怎么做才会更有成就感？这些事要怎么做才会有个更好的结果？是继续地按部就班、循规蹈矩；还是应该思考些什么呢？这才是核心。如今我们不得不客观面对以下几个现实?、时代：各行各业都在做数字化、智能化转型升级，这是时代的趋势，谁都无法阻止的趋势；有的HR说与我何干呢？其实和每一个人都有关系?、市场：新技术的日益成熟，已经可以取代HR传统的一些事务了；比如云计算、大数据、人工智能等技术，都在招聘的某些场景中得到了很广泛的应用，类似筛简历、候选人沟通等场景，完全可以被取代?、生活：快节奏和强压力，我们有多少人真正能够静下心来沉淀和提升自己，这也是一个客观现状；很多的HR基本上还是手持一张人力资源证书“闯荡”职场江湖；4、对象：95?0后逐渐成为招聘的主力军，已经是不争的事实；他们生活在一个衣食无忧、机会遍地的时代，有太多可以很洒脱的选择；如果把HR的招聘比喻成一场人才掠夺战，那么我们HR就是一个战士，作为战士想赢得一场战争，那就要“知己知彼，方能百战百胜”。今天我们先聊聊做HR的，“知己”的这部分有哪些？“知己”应该知什么？1.知道自己具备什么？作为一名专业的HR，要清晰地认识到自身具备的先天条件与后天技能。曾经有个HR和我说：“我有人力资源证书，有心理学方面的证书，还有职业生涯规划专业机构的认证导师证书等等等，够吗？”其实，后天的技能是需要的，我不否认；但我们更应该思考的是如何转化这些技能？就像一个服装导购员，她可能什么销售方法都会，但如何把这些方法在实际的销售现场应用起来这才是关键的，把学到的技能提炼成适合自己的一套工作方法论，经过不断地实践和打磨，去完善这套方法论，形成自己的体系，这才是专业HR的体现。除了后台的技能，我强烈推荐HR发掘到、利用好自己的先天条件，有的HR有一股与生俱来的亲和力和眼神感染力，如果有那就利用好，这也是一种能力；有的HR性格直爽，善于交际表达，很容易创造一种沟通共鸣，这也是一种能力。总之，HR要清晰地知道当下自己已经具备的各项条件?.自己具备的跟得上时代吗？除了技能证书、先天优势，这些其实很可能很多的HR都具备，那么，我们还要认识到时代需要什么？就是上面提到的第123三个现实，你生活的时代、市场、生活里有什么变化？这个时候我们就要具备敏锐的洞察力了。我?0年里接触了太多的HR，也有相当多的HR能够容纳、接受、主动去了解时代发生的变化，居安思危的HR也蛮多的。他们知道自己不转变，就容易被时代淘汰掉，所以会主动去接纳新技术，学习新技术、了解新技术，让技术被自己所用，让新兴技术成为自己的一项职业技能。有太多的HR也会苦水漫天的和我说：“我个人去了解有啥用呢？了解了，但无用武之地啊！”这其实就是先有鸡和先有蛋的问题，就像你找对象一样，是先改掉自己的臭毛病再去找，还是找到了之后再改臭毛病。其实我更愿意相信前者出奇迹，你觉得呢？当自己思维都打不开的时候，你如何奢望你所在的环境或平台为你打开一扇窗呢？同样的招聘，有的HR用新技术、新思维、新方式在做招聘，而你还在墨守成规走传统老路在招聘，你觉得结果会一样吗？此外，HR必须要懂得静下心来去学习和沉淀，线上和线下去学习各种知识，包括但不限于职业化、仪容仪表、招聘选用育留技能、心理学等，让自己足够强大和专业，在时代驱动的齿轮中别被轻易的淘汰掉，这也是非常有必要的?.自己如何脱颖而出？如果自身技能和条件、新招聘能力都一样，ok，那我们HR还要思考如何让自己脱颖而出。慢工出细活，细活见真知。我见过很多HR非常善于动脑，别人没有我先行一步，别人有了我要快些脚步，别人追上来了我要更加出彩，这样的HR肯定做得不会差。招聘其实就是抢人，如何利用自身?8般武艺就显得有无重要了。比如校招季，线上和线下很多HR真的是招数满天飞，能用的都用上，但结果往往却是有差距，这时候其实我们要想的是哪些是可以让自己的招聘脱颖而出的？是企业的品牌？是招聘过程中的一个人性化举动？还是一个有别于其他企业的小体验？需要我们好好思考。大家觉得呢？欢迎一起交流。下一篇，我们一起探讨下HR应该要做到的“知彼”要做啥？【关注作者，原创思考和分享，一起做个有思考的人?, , ,0.00010756,-1
72,你后悔选择人力资源工作吗？,https://www.zhihu.com/question/375010303/answer/1830950187,来自阿拉斯加的小胖子,24,2021-04-12T05:47:48.000Z,2021-04-12T05:47:48.000Z,2,2,最成功的HR是谁？伯乐……最大的HR机构是哪个？人社部！其实，我认为这就代表了两种不同的人力资源管理模式。前者需要HR的专业素质，后者需要一套完整的制度。事实上，我不是一名HR。只是简单从事过几个月的工作，但我也发现人力资源管理是一项十分繁琐的工作。起因是我们单位要招三个外聘造价师，虽然要求比较严格，但报名的人依然很多。由于不入编，招录流程相对简单很多，公告→报名→筛选→录用，主观因素很强，类似第一种人力资源模式。最后，三个人有两个是领导定的，另一个是和我们部门业务往来较多的中介公司的造价师。确定结果很简单，但前期流程很复杂，需要与单位人事科、分管局长、局长、人社局、组织部等部门协调，后期还要对档案进行整理，了解造价师各自的专长等等，而结果确定只是领导一句话。另外，还有工资的分配和考核考评的问题，要讲究整体平衡，又要显示出差异，这需要制定一系列的规范制度，十分麻烦。这种模式下虽然确实能选出管仲、诸葛亮这种旷世奇才这，但大多选出的都是关系户。相对这种方式，我更偏向于公务员招考流程。公务员招考是最复杂也是最公平的。公告→报考→审核→笔试→面试→体检→政审→入编→培训→试用→转正，从报考到录用要经?个月时间，平均每个流程要耗费一个月。这样，虽然可能会漏掉一些真正的精英人才，但能够保证进来的大多数人能够满足工作岗位的要求?, , ,0.0675033,-1
73,你后悔选择人力资源工作吗？,https://www.zhihu.com/question/375010303/answer/1830735480,nataliehala,0,2021-04-12T03:39:56.000Z,2021-04-12T03:39:56.000Z,2,2,人说隔行如隔山，高考后报志愿的时候，家里人和周围人一致认为女孩子报考教师、会计、新闻、法律等等，读完大学肯定能找到一份养活自己的工作。在懵懵懂懂中填报了第一志愿：新闻，第二志愿已经模糊，接受了调剂，然后收到大学录取通知书的时候，专业上明晃晃的写着：人力资源，当时的感觉仅对名词认知，估计以后要和人打交道。上大学后以为班上都是女生，实际上同专业男女生比例很和谐，不会像土木工程一个班就两个女生的尴尬境地。毕业后经历了第一次面试，第一次落选，第一次入职，几经周折到最后终于作为人力资源管理专业的毕业生，找到了一份做人力资源的工作。后不后悔？！这个问题对于我来说，还是比较难以回答的。要是说从来没有后悔过，是否有些自欺欺人。在工作的十几年里，曾经想过跳槽，曾经想过做其他的工作，没想到一直坚持下来了，不过人到中年，以后的职业晋升在哪里，应该怎么做，面对的问题也越来越多了。做人力资源工作，在专业性的基础上，也考验着你做人的原则和做事的态度，在某些尖锐的问题上你面对员工的责难，你面对领导的压力，心里是否在想这里外不是人的工作何时是个尽头，熬过了小白，变成成熟的职场人，是否还保有我们的初心？仍在路上，继续探索?, , ,0.25917217,-1
74,你后悔选择人力资源工作吗？,https://www.zhihu.com/question/375010303/answer/1538676804,匿名用户,0,2020-10-23T04:42:46.000Z,2020-10-23T04:42:46.000Z,2,2,本科人资专业，毕业就入职，现在一年零三个月，因为老员工相继离职，机缘巧合之下把六大模块都熟悉了。目前负责薪酬绩效板块。薪资从试用?200?800?200到目?200，感觉还凑合吧，谈不上后不后悔，只是固化的东西每月重复一遍。很琐碎。。?, , ,0.39649037,0
75,你后悔选择人力资源工作吗？,https://www.zhihu.com/question/375010303/answer/1442557290,匿名用户,0,2020-08-30T00:41:13.000Z,2020-08-30T00:41:13.000Z,0,2,很复杂，说不好后悔不后悔。我的专业不是人力资源，属于半路出家，可能工作比较努力认真，近几年也做到了公司的管理层，但是从心出发，我不太喜欢人事的工作。说不后悔，是因为我当时转职业方向，目前看来没有大错误，让我在职业发展上有了一个好的方向、且目前还不错；说后悔，是因为人事的工作不是你一腔热血与创新就能做好的、而我又是一个喜欢创新，喜欢创意多多的人，有时候我在想，如果继续做原来的职业会不会更好，毕业时，是不是给自己选一个市场，运营这一类可以让我实现很多创意的职业方向会不会更好。所以，面对现在的工作，其实很复杂，这份工作带给了我很多，也积累了很多经验，我却总想逃开。目前的计划还是安心工作，明年准备去考一个国际认证的培训师，我很喜欢做培训，很喜欢讲课，期望能带给自己不一样的体验吧?, , ,0.27984147,-1
76,你后悔选择人力资源工作吗？,https://www.zhihu.com/question/375010303/answer/1351874873,上官?1,2020-07-21T07:16:23.000Z,2020-07-21T07:16:23.000Z,1,2,,后悔，除非进国企大公司，一般的公司真的别进去。没啥意思?, , ,0.44767846,0
77,你后悔选择人力资源工作吗？,https://www.zhihu.com/question/375010303/answer/1043110829,小Rae,17,2020-02-28T03:16:35.000Z,2020-02-28T03:16:35.000Z,1,2,我本科研究生都读的人力资源专业，结果现在工作五年了，都没摸到专业的边。我现在还在想要不要转行?, , ,0.47376722,0
78,你后悔选择人力资源工作吗？,https://www.zhihu.com/question/375010303/answer/2584225294,honepay,2,2022-07-20T09:41:04.000Z,2022-07-20T09:41:04.000Z,1,2,我这里主要说一下武汉的人力资源工作。我在人力资源行业工作了将近半年的时间，对这个行业有一定的了解。想给那些有意向进入人力资源行业的同学一点建议。我进入的是一家专做校招的人力资源公司，公司主要两大部门，一个销售部，一个交付部门。大部分的同事主要是做的销售的工作，其他的人做猎头、活动执行的工作。根据我的从业经验和面试经历来说，武汉的中小型人力资源公司是不太成熟的。不成熟体现在内部管理制度、流程规章，以及绩效考核和提成等方面的不规范上?首先说内部的管理制度还有流程规章。我遇到一个领导，他经常就是上午说一个事情，跟我们规定下来了一条制度，但到了下午又变了一个样，领导带头不按定的规矩执行。还出现好几次，一件事情让我们重复做（可能觉得我们太闲），有点捉弄我们的意思。然后讲一下绩效考核以及提成方面的事。绩效考核一般来说有比较明确的规定。这里提醒一下职场新人，任何岗位如果hr或领导没有办法讲明KPI是什么，那可以初步判定这类公司都是不太可靠。还会出现KPI与提成是很不对等的，提成的发放时间与提成的比例发与应聘时说不一致的情况。说的不好听就是欺骗应聘者。再来谈谈武汉这边的一个人力资源产业的整体发展情况。人力资源行业入门门槛是比较低的，很多岗位在各个招聘平台上面的要求是大专以上。如果是想进人力资源的销售岗位，门槛比较低。但是我不建议进入，因为人资的销售岗位的主要是电销，公司会把你所获取的客户资源掌握的死死的。就是说自己想建立起资源是相当困难的。并且工作的内容不是很有含量，对于自己的一个职业发展的帮助并不是很大。短期的话可能因为业绩好，可以拿到比较高薪的工资。但是长期来说，发展的空间比较小。再说一下，交付部门的一些情况，校园招聘比社招容易，但是可能因为公司自身资源的限制，拿不到好的项目，提成也不会太高。更别说公司改提成比例，拖着不发的情况屡屡出现。武汉商务区地铁站附近的泛海国际，成立了一个人力资源产业园。作为从业者，我觉得还蛮无语的。人力资源公司并不是说越多越好，而是吸引入驻的大部分人力资源公司都是小公司，鱼龙混杂，到时候传出劳动纠纷和欺骗客户等丑闻，影响更不好。最后提一嘴跟人力资源行业有关的招聘专员岗位和外包岗。在这里强调一下，面试一定要问清楚面试岗位和哪家公司签署合约?目前很多企业把招聘专业的岗位外包出去。还有可能那些知名企业成立了一个人力资源子公司，专门负责招聘。这种岗位可能负责低端岗位的招聘工作。我举个例子，之前有面试过一家全国知名的物流公司的招聘专员岗。问了面试官才知道，是他们旗下的人力资源子公司，专门负责招聘，主要工作是招聘外卖员、快递员等蓝领岗位。短期来看这个工资还过得去，但是把这段工作经历写在简历上面并不好看。再来谈一下外包岗。武汉这边的外包岗，我也不太建议去。大多数知名企业在武汉这边设立的外包岗，大部分工作内容比较简单，个人能力无法得到锻炼，都是些辛苦活。这种工作既不安逸、又不稳定，转正可能性小，还没有发展前途。人资行业肯定也有好公司，只不过我目前在武汉还没有遇到过。我的意见仅供参考，大家可以自行判断?, , ,0.001336,-1
79,你后悔选择人力资源工作吗？,https://www.zhihu.com/question/375010303/answer/2692868035,亦雨亦晴,1,2022-09-28T02:40:12.000Z,2022-09-28T02:40:12.000Z,0,1,看《五位一?房地产组织与人力资源管理全景图与趋势》不迷茫, , ,0.47376722,0
80,你后悔选择人力资源工作吗？,https://www.zhihu.com/question/375010303/answer/2680445878,CC教练,206,2022-09-19T08:03:58.000Z,2022-09-19T08:03:58.000Z,0,1,随着CC教练公众号订阅者数量地不断增多，最近，收到太多小伙伴关于专业教练学习及教练服务等相关事情的咨询，为此，CC决定将【教练爱好者】和【专业教练精进】群继续搞起来。大家感兴趣的话，欢迎添加CC微信，提交报名问卷，审核通过后我会邀请大家一一入群。由于CC本人也是有正式职业的人儿，精力有限，两个微信群将采取轻运营制度，有事儿大家群里开唠，没事儿就mute。目的就是给大家提供一个互助平台，相互分享coaching相关的内容资源及相互答疑。同时，在本人时间允许的情况下，我也会及时回答大家的学习疑惑，定期分享各种教练行业资源。【CC教练爱好者群】入群条件（1）没有系统学习过市面上任何受ICF国际教练联盟认可的教练流派课程（暂不接受职业教练加入本群）（2）渴望获取更多教练行业新动态以及如何成为职业教练。（3）乐意分享及传播有意义的教练资料和资源。【CC专业教练精进群】入群条件（1）系统学习过市面上任何受ICF国际教练联盟认可的教练流派课程（2）渴望获取更多教练行业新动态以及如何成为职业教练。（3）乐意分享及传播有意义的教练资料和资源?, , ,0.04539917,-1
81,你后悔选择人力资源工作吗？,https://www.zhihu.com/question/375010303/answer/2581591715,大璃,0,2022-07-19T01:44:15.000Z,2022-07-19T01:44:15.000Z,0,1,大学专业是人力资源管理，一毕业也是做HR。想转行也没有经验，什么都不会。后悔有啥用呢？, , ,0.5,0
82,你后悔选择人力资源工作吗？,https://www.zhihu.com/question/375010303/answer/2182951911,匿名用户,0,2021-10-22T03:34:49.000Z,2021-10-22T03:34:49.000Z,0,1,有点吧~学的设计类，但第一份工作就是做人事专员，集团型酒店行业~从入离职、筛考勤开始的~当时只觉得是份文职工作，较简单，很好上手，完全没有人力资源的概念，就是简单做好自己的事情后有自己创业，失败告终二次选择找工作时，也是介于之前的经验，又找了份集团型酒店行业~继续做入离职、新员工培训、筛考勤等工作~三次找工作时，就基本定型往文职方向找了，找了当地教育行业“老大”公司，曲线求职，从前台开?行政-人事-客服-人资主管，近6年停留在此~因业务上的发展调整变化，从行业当地老大转型成全国型公司，再新三板上市，再转型行业B端公司，再转型全球性公司，公司在不断成长，我也从当地大公司HR主管，变成分公司HR主管，再变成负责两区域主管，离不开的还是入离职、考勤等基础性工作这十来个年头，有很大的成长，是几大模块涉及都比较多，实?理论过得去在集团内，招聘模块成绩特别突出，算是最大的成长吧全国行内人才都会有交集，中高端岗位招聘经验也比较丰富在现有情况下，发展谈不上，在此规模底下，所在城市不可能会有经理级岗位，也不可能有单模块负责人岗位如果当年，选择有一定行业沉淀后转型做业务，有可能比现在好如果懂得适当优质跳槽，平台或职级或薪酬会比现在好有种互相熟悉过度，提不起的新鲜感，提不起的成长热情了自己耗着自己的感觉~非常之鸡?, , ,0.07442236,-1
83,你后悔选择人力资源工作吗？,https://www.zhihu.com/question/375010303/answer/2133225322,1号背?4,2021-09-22T03:11:26.000Z,2021-09-22T03:11:26.000Z,0,1,,作为一名HR你是不是总有这样的烦恼。工作内容被误解，总莫名被轻视。很多不了解人力资源工作的小伙伴儿，会觉得你的存在就是招聘、面试，工作任务简单又轻松。只有你自己知道，成为一名人力资源工作者容易，想要做好工作有多难！是否在招聘过程是否总面临你在招人，用人部门却不能很好的留住人才；是否在做绩效的时候，遇到不配合的业务部门；是否在做薪酬的时候，大多数都是老板定的……，面对这些无奈而又无力。但是不要只是抱怨，这样不利于工作也不利于你自己的提升，做好人力资源工作是一门学问，也是一个长期工作，你需要不断进步和改进工作方法。一、不断扎实业务基本功人力资源工作要做好，必不可少的是基本的业务能力和素质。很多人力资源相关从业者都是非本专业的，就业门槛低、转行成本低成为大家对这个行业的基本印象。实际上，也确实存在人力资源工作者专业素质不高、基础薄弱的情况。既然选择入行，就要多学习业务知识，不断增强自己的业务能力。也许你认为，你已经掌握了工作的基本流程。为了更好的熟悉工作任务也关注了很多人力资源大V和阅读网上的优质文章，也懂得如何筛选简历、挑选应聘者，对员工想要离职的小信号也有所掌握。但是，人力资源工作者是企业与员工之间的桥梁，如何更好的协调二者之间的关系？如何更好的帮助企业控制人工成本？提升用人效率？等问题，才是你要深入学习和掌握的知识。所以，你要系统化的学习专业的人力资源知识，而非碎片化的从网络获取知识，要建立起清晰具备逻辑性的知识体系，才能更从容的面对人力资源工作。二、深入了解公司文化和需求人力资源工作者的工作是面向整个公司的，所以掌握公司的整体情况，如，要熟悉行业基本情况、公司的整体运作，熟悉各项业务流程，了解隐型组织情况，了解各系统负责人的个性，了解企业的发展阶段和发展战略等等问题，才是要深入考虑的问题。同时，还要培养自己的基本技能和能力，具备企业文化建设的能力、战略管理能力、培养他人的能力、目标管理能力、督导能力以及培养他人的能力等等。三、拥有正确的工作心态人力资源工作者要具备基本的职业素养，要具备基本的原则性、主动性、服务意识和诚信意识，面对工作要有自信心。行业现状，让大家对人力资源工作者产生误解，也使得很多工作者失去信心，认为人力资源部门≈后勤部门。这就使得从业者生出一些抱怨的声音，对自己的职业妄自菲薄。“隔行如隔山”不身处人力资源管理岗位的人很难产生感同身受，作为工作者应该在工作中证明自己，而不是跟着大家一起对自己的职业进行贬低。实际上，人力资源工作者是对整个公司的发展有影响的，这种影响体现在任何一个部门，无论是生产、销售还是其他业务部门。所以，你要对自己的职业拥有肯定价值的心态，积极面对工作中的困难，做好工作，才能收获认可。四、要处理好人际关系人力资源工作者要具备亲和力，要平易近人、以理服人，无论是老板还是员工都要留下良好的印象，才能在业务沟通的过程中有所助益。但是，切记在制度执行的力度上，一定要严格，不可因为关系的亲疏远近而徇私对待，这样将影响自己工作的展开。面对老板你要在他的授权范围内做事，不要自作主张。作为企业的管理者，很多事情会从公司的整体情况去考虑，作为一名人力资源工作者，就要在这个范围内更好的开展工作。以免在不断的请示和讨论中，导致工作效率低下，甚至无法展开。同时，还要多与企业管理者沟通，多宣传一些先进的人力资源理念，多组织外部高端培训，影响管理者的思想转变。在制定公司制度和方案的过程中，要广泛的征求意见，做事主动谦虚，让大家更积极主动的参与进来，才会得到大家的认可，也能做到每项制度的合理合法。人力资源是企业发展的重要一环，相关从业人员要持续不断的增强的自身的工作能力，与时俱进。总有一天你会发现，已经将工作融会贯通，也为自己为企业带来价值?, , ,3.39E-05,-1
84,你后悔选择人力资源工作吗？,https://www.zhihu.com/question/375010303/answer/2097531809,一只老菜?0,2021-09-01T12:47:00.000Z,2021-09-01T12:47:01.000Z,0,1,,很后悔，看不到发展希望。某国企，目前在做招聘工作，职能部门基本上就是一个萝卜一个坑，而且涉及到编制问题，往往就是一个人做几个人的事情。补充不了人，就天天跟你说，招实习生啊，殊不?K一个月的实习岗位，连实习生都招不到。现在招实习生的标准就是，是个人就可以。招聘压力大，流失率高，部门天天想着寻找外面优秀的人，不关注现有的人员，可能外面的得不到的是香一些吧。先说到这儿?, , ,0.23952176,-1
85,你后悔选择人力资源工作吗？,https://www.zhihu.com/question/375010303/answer/1972810342,江中?1,2021-07-01T09:12:21.000Z,2021-07-01T09:12:21.000Z,6,1,,我是后悔的自己本身没什么好的出身高考成绩也平平无奇干了个二本大学选专业没人指导选了个稳拿下的专业但专业偏且冷大学时候算了感兴趣考了三级证书实习的时候找了这方面的工作招聘会没有企业招聘我们这个专业的因为实习过，算有点经验所以最后就非专业的从事了HR所谓的HR根本不是你想象中的的那样在求职网中都叫人事或者招聘干的活比较杂，刚刚开始啥都干如果没有遇到比较专业的大佬带真的，越干越迷茫例如我就是，干了好几年的活啥模块都干过，但是不够专业加上自己也不真的就是对这个职业非常感兴趣所以比较消极学习，基本没主动学习过什么专业类的书因为自己不够专业，或者说不能在某个模块独当一面所以觉得可替代性很强经常觉得心里虚做的越久越发现自己真的不是那种会来事人际关系处理得非常溜的人更别说业务精通了不喜欢策划活动甚至不喜欢活动不喜欢开口交流能不打电话就不打线上沟通才能放飞自我现实对话虽然没有唯唯诺诺但也强差人意越来越厌倦越来越迷茫但又不得不走下去除了这个好像自己也不会别的而且还要养活自己感觉找不到出路组了个群有兴趣的进来对线集智讨论下有没有更好的出路就算不聊这个大家进来吐槽下也好舒缓自己心中的压抑点击链接加入群聊【迷茫厌倦的HR】：https://jq.qq.com/?_wv=1027&k=Lw3E8dfD, , ,0.08198827,-1
86,你后悔选择人力资源工作吗？,https://www.zhihu.com/question/375010303/answer/1909103745,前方的路,0,2021-05-27T10:46:26.000Z,2021-05-27T10:46:26.000Z,0,1,不后悔，没有系统性的学过人资理论，但通过自己多年滚打不说能耐过人之少在这个行业也能站住阵脚，不得不说这个行业特别磨练人，特别做招聘板，每天会和形形色色的人打交道，直接导致hr练就一双火眼晶晶，这个岗位也是企业和员工之间的纽带，少不了要上传下达，还有每日/?年的考核报表，制度。嗯，我觉得还是蛮磨练人的，唯独较其他行业稍微有劣势一点是这个行业有天花板，而且过了35岁还没有混到高层被淘汰的概率很大?, , ,0.4218746,0
87,你后悔选择人力资源工作吗？,https://www.zhihu.com/question/375010303/answer/1772537645,知乎用户,84,2021-03-10T07:59:01.000Z,2021-03-10T07:59:01.000Z,2,1,谈不上后悔，却也谈不上喜欢。就如自己当初学文理科一样，明明自己理科更占据优势，稀里糊涂学了文科?010年拼了老命在安徽省文科高考，杀出一条血路，勉强进了所211。当时分数贴着学校投档线，几乎没啥专业可选。看来看去，就把人力资源管理放在第一个专业，然后就被录取了。大学四年，学的东西也就那样吧，工作后用的不太多?014年本科毕业，进入省属国企机关单位人力资源部，从一个小职员做起。工资一般化，待了两年多，基本上该学的都学了，升职与我无关，且真的伺候不了女领导了，故辞职?016年进入另一家市属国企集团人力资源部，刚开始也是办事员，后来升成主管，工作也就那样，工资也就那样，饿不死富不了?018年在上一家市属国企下面的分公司当了中层，工资还凑合，在同学们中间算平均水平吧?020年考上母校MBA，没办法，现在学历不值钱了，逼着自己花钱找罪受?021年，仍然在原单位，但是这三年，心累无比。人有没有成长不知道，但是人真的有点感觉老了。目前公司情况不明朗，自己也30出头了，辞职吧，也不知道能否找到合适的，不辞职吧，总感觉没啥安全感。研究生毕业后，准备再考公务员和事业编试试（估计也只能?-3次了），若考上，就准备混到退休，一辈子大概也就这样了。后悔学文科吗？后悔学人力资源吗？后悔从事人力资源工作吗？年轻时，我都后悔过。现如今，棱角磨去，知道冥冥之中自有天意，有些事是命中注定的。既然选择过了，就不要再后悔，后悔是徒劳的。我们能做的，就是在已经选好的这条路上，尽力走好、走顺，若实在走不通，提早另辟他径，不至于自己耗费时光与精力后，剩下一地鸡毛?, , ,0.07442236,-1
88,你后悔选择人力资源工作吗？,https://www.zhihu.com/question/375010303/answer/1497433035,女青,0,2020-09-28T05:02:41.000Z,2020-09-28T05:02:41.000Z,2,1,不后悔，但是现在在做准备工作想转市场。不后悔是因为从一开始HR岗位让我接触了很多老大，从面试到与各版块的负责人，不停地沟通与交流也是一种学习过程。从人力资源专业的提升，结合业务，结合人性，去做体系做改革。到现在认为自己的眼光和格局都有上一个台阶。现在想转市场，是对自己的职业规划，去一线，去面对客户，实现需要，总之再往上走一定要深入业务再提升管理?, , ,0.37165162,0
89,你后悔选择人力资源工作吗？,https://www.zhihu.com/question/375010303/answer/1416467726,季夏染玖,2,2020-08-18T02:53:51.000Z,2020-08-18T02:53:51.000Z,0,1,人力资源管理专业在读，身边一直都有质疑，什么这个专业就业前景不好，可替代性太大，没背景学这个有什么用，但是学了怎么久，本人还是很喜欢这个专业，说我理想主义也好，我始终认为，如何有一天，我会踏上社会，那么我想做我喜欢的事情，刚刚经历了我的第一次相关实习，已经结束了，马上就能拿到实习证书，遇到了很多困难，也发现了许多不足，但是我也收获了很多，刚刚看到这个提问，我就进来了，看到一个答案，很短，大致是每个行业都会有人后悔，是呀，或许，我不是你想收到回复的人群，但是我想说，那是你为之努力了一整个大学的专业，如果，你真的是不喜欢，我没什么好说的。但是作为一个小师妹吧，我想说，我在你的提问中，感到了深深的迷茫，大学的这段时间，我也承受了很多，接触了挺多不同的行业，最大的感受就是，没有那个行业的人，可以一帆风顺，总会受气，来自朋友的不理解，家人的质疑，还或许同事不和，领导的不赏识，不知道是什么让你开始迷茫，或许未来的我也会迷茫，但是现在的我，一点也不后悔接触到这个行业，也希望你，加油(?•̀_•?ง，不论你的选择, , ,0.20337081,-1
90,你后悔选择人力资源工作吗？,https://www.zhihu.com/question/375010303/answer/1318533401,大狗副警?0,2020-07-04T08:48:44.000Z,2020-07-04T08:48:44.000Z,0,1,,如果可以不选就不要选了，目前在国内，人力资源能说的上专业的公司，没有太多。还要结合自己的性格，如果你情商颇高，智商不差，做这个是有可能有前途的，记住是有可能。在这个路上你会遇到各种妖魔鬼怪，不管大厂小厂都有。话说如果情商智商都高，做别的也是成功概率很高的吧？何必做这个要钱没钱，要货没货，要专业没专业的方向呢？然后过了40岁，你发现自己没人要了。大部分时间，人力资源管理层做的工作，都是打人际关系，沟通，领会老板意图。专业性吧。。。你?, , ,0.22091695,-1
91,你后悔选择人力资源工作吗？,https://www.zhihu.com/question/375010303/answer/2178387633,changeyip,63,2021-10-19T08:03:47.000Z,2021-10-19T08:03:47.000Z,1,1,8年HR老狗来一个回答先简述经历目前HRD，往CHO走非科班出身，但是每天都要自己上网课，虽然网课很多都是些大家都懂的理论派一开始懵懵懂懂实习人力资源助理，就两个模块，一个就是员关，一个就是招聘，对应的就是文职和销售（招聘就是销售，只是销售的是公司）3年到主管，开始接触区域管理范?企业文化（这时候没到薪酬和绩效?年到HRM，开始设计薪酬和考核制度，拍板权还在总监上，但是要经?市调+权衡+用人成本了现在HRD，一?模块都要精，我还在提升，主要的改变是立场的改变，员工与公司与市场的权衡，传统六模块还是三支柱的权衡，考核制度的权衡，这时候一般已经顾及不到琐碎事了CHO，还没清楚，估计要以主人翁立场吧后悔是很后悔的，因为我经常说这是条不归路，其他很多岗位选择了后悔了可以转弯，人力资源要调头重来，过?8没办法的了除非做销售（一般公司也不会要）做人力资源主管级以下最大的问题就是其实就是个销售，挫败感很强，详情自己搜索。另外就是目前国内的公司招人力资源其实就是招个招聘专员，不需要其他专业知识或者技能。还有就是一般人力资源得不到尊重哦你是做招聘的哦你是做行政的哦你是个HR而已呀我工资为什么少?毛信不信我砍死你？我考勤哪里不对了我2?1号那天明明上班了！你凭什么辞退我补偿呢老板不给是吧你等着仲裁局见！今天面试的那个怎么?我觉得态度有点不服管教-没事，这种人才有冲劲-第一周：给我辞退他根本不听安排经理：我刚复试完那个小伙子了让他明天上班了-我：薪资谈多?经理：我没谈啊经理：这个人非常好，录?我：好的马上手续介绍培训熟悉当爹一样供奉着-一周后：这个人悟性有点低啊，辞退?周例会：行政找来的人素质太低了不符合我部门要求这几个例子都是我做hrm的时候高血压低血糖心肌梗塞前列腺爆炸尿道感染的个别例子你说我后悔吗，我后悔，我把自己磨成了一个微笑专家。你说我后悔吗，我后悔，我把自己最后的倔强忍没了。你说我为什么不放弃？我放弃我就要从0开始，我忍?年的成本全部归零。你说我后悔吗，我非常后悔，如果不是人力资源，我现在也没有神经病你说我后悔吗, , ,0.01199548,-1
92,你后悔选择人力资源工作吗？,https://www.zhihu.com/question/375010303/answer/2728804595,年轻的尼尼卡,7,2022-10-24T13:52:34.000Z,2022-10-24T13:52:34.000Z,2,0,2022年，是风雨交加的一年。内外环境堪忧，外有帝国主义压迫，内有资产阶级剥削，建国以来，无产阶级的团结从未显得如此重要。可是如我们所见，在无产阶级团结起来之前，资产阶级已经先发地团结起来了。这些资产阶级联盟，会共享无产阶级的资料，但凡哪个无产者显示出一丝斗争的趋势，便会进入资产者们的黑名单，在信息共享下，便不再有无产者敢于站起来，为自身的生活与尊严斗争。在这些资本家进行信息收集与共享的过程中，hr起到了至关重要的作用。hr（人力资源管理）是资本逻辑中，对人的异化最直接的体现。它把”人“，这种一切真理与意义的本源，抽象成为一种资源，一种为资本增值服务的工具，它可以被金钱衡量，是彻底的物化。于是，在资本世界中，人不再称之为人，不再作为真正的人存在，而是可以随意买卖的商品。而这些资源的管理者，即各大公司的hr，看似是对这种人力资源起主宰作用，他们给每个人贴上了效率的标签，用以衡量其作为工具的性价比，并将其反馈给资本家，以使资本家更加残酷地对无产者进行剥削。所以在当今社会的阶级斗争中，hr从属于哪个阵营成为了至关重要的因素。资本家或许会给hr以各种特权，以使其认为自己与无产阶级不同，可是不论如何，hr们一定是无产者的一员，他们无法与资本家共享其生产资料，他们所拥有的权力与地位，都是资本家为了使无产者自相残杀而布下的陷阱。每一位hr，在帮助资本家管理工人的同时，都是在增加对无产者进行支配的力量，正如马克思在?844年经济学哲学手稿》中所揭示的那样，工人越是劳作，就越生出支配自己的力量。hr对于资本家来说，也是某种意义上的人力资源，所以这条定律对于hr们来说，同样适用。然而不幸的是，有很多hr却站在了资本家身边（这本应是被一切无产者联合起来斗争的对象）帮助其以残酷的手段变本加厉的对无产者进行剥削。在无产者显示出其斗争性（不仅仅是为了自身的，同时也是为了全体无产阶级的利益）时，hr会将其列入黑名单并警告全体资本家，此无产者具有威胁性。这无疑是hr在为自己挖掘未来的坟墓。要想使自己的利益得到保障，唯一的办法就是认清自己同样属于无产阶级的现状，加入无产阶级的阵营共同对抗资本的力量。如此，广大无产者才敢放开手脚，为自己斗争，为生活斗争，为全体无产者斗争，而不用担心被资产阶级安插在周围的眼睛所监视。一旦hr加入无产阶级的阵营，那么资本家与无产者之间的唯一纽带也将被切断，资本家们失去了自己赖以生存的眼睛与利刃，面对汹涌而来的阶级斗争他们只能选择妥协，将已经堆满房间的财富与无产阶级共享。广大的hr无产阶级朋友们，请加入这汹涌而来的阶级斗争的浪潮，它不会将你们淹没，你们将成为其中洁白的浪花，冲倒这将倾的大厦。”无产者在这个革命中失去的只是锁链。他们获得的将是整个世界。全世界无产者，联合起来！?, , ,2.23E-05,-1
93,你后悔选择人力资源工作吗？,https://www.zhihu.com/question/375010303/answer/2726755974,匿名用户,0,2022-10-23T04:33:53.000Z,2022-10-23T10:42:47.000Z,1,0,曾经后悔过，现在觉得也挺好。我的性格其实并不适合做HR，我不是一个八面玲珑的人，跟人打交道对我来说很累。如果可以，生活在自己的象牙塔里其实就很好，或许做一个档案管理员之类的工作，是最适合我的？但是现在，好像有不一样的感受。人活于世，不可能事事如你所愿，能真正做自己喜欢又适合自己的工作的人寥寥无几。大多数人还是会面对现实，在众多工作中选择能让自己觉得更有意义、更满足现实需求的那份。所以，刚毕业那会也尝试了其他工作，对比之后还是把自己的职业方向定在了HR领域。不适合又怎样，用我自己的风格，一样可以做的很好，所以，现在的我不后悔?, , ,0.22091695,-1
94,你后悔选择人力资源工作吗？,https://www.zhihu.com/question/375010303/answer/2681167234,五福-爱云?393,2022-09-19T21:59:52.000Z,2022-09-19T21:59:52.000Z,0,0,,后悔是一种耗费精神的情绪，后悔是比损失更大的损失，比错误更大的错误，所以不要后悔，但要记得反省, , ,0.47376722,0
95,你后悔选择人力资源工作吗？,https://www.zhihu.com/question/375010303/answer/2674747594,Linger,1,2022-09-15T07:05:15.000Z,2022-09-15T07:05:15.000Z,0,0,不后悔，想起来自己当初的职业规划，当HR积累人生阅历体验，后面找机会回心理学本专业去?, , ,0.47376722,0
96,你后悔选择人力资源工作吗？,https://www.zhihu.com/question/375010303/answer/2653685349,谷夏,19,2022-08-31T04:43:27.000Z,2022-08-31T04:43:27.000Z,2,0,后悔后悔后悔！！?, , ,0.5,0
97,你后悔选择人力资源工作吗？,https://www.zhihu.com/question/375010303/answer/2643205166,非凡职询,11,2022-08-24T08:55:29.000Z,2022-11-09T09:54:02.000Z,0,0,每年?.18是人力资源日，看看我们理解的HR和真实的HR之间，到底有多大误差吧~每份工作都有不足为外人道的艰苦和辛酸，不管是干一行爱一行，还是爱一行干一行，希望大家都能找到热爱并适合自己的岗位哦~, , ,0.47376722,0
98,你后悔选择人力资源工作吗？,https://www.zhihu.com/question/375010303/answer/2611416031,悦酱,2,2022-08-05T08:00:18.000Z,2022-08-05T08:00:18.000Z,0,0,没有什么后不后?但再给一次机会，绝对不做这行, , ,0.5,0
99,你后悔选择人力资源工作吗？,https://www.zhihu.com/question/375010303/answer/2496895597,gary gu,1,2022-05-22T13:15:51.000Z,2022-05-22T13:15:51.000Z,0,0,之前会有后悔，觉得HR的起薪比较低，虽然每个职能的上限都可以很高。但IT毕业起薪可能就有10K+，没两年?0K+了。作为平民百姓而言有一份收入起点高的工作是相对来说很有安全感的，假使你未来的职业发展到不了很高的上限，但就只混在中流，也可以拿到不错的收入立命。而HR的话想要去争那个高的上限是很难的，如果只是混到中流，收入不算高。但后来重新审视自己，为什么当初选择做HR，是出于自己的兴趣。如果回到过去，不擅长数学的自己应该也吃不了IT这口饭，所以自怨自艾也没用，先努力混到中流，再争上游吧?, , ,0.30148834,0
100,你后悔选择人力资源工作吗？,https://www.zhihu.com/question/375010303/answer/2678812076,鹰击长空,6,2022-09-18T06:17:20.000Z,2022-09-18T06:17:20.000Z,0,0,学生毕业后好找工作吗？以下是整理的《人力资源管理专业就业方向及就业前景分析》，仅供参考。人力资源管理专业就业方向有哪些，毕业后人力资源管理专业学生会去哪里工作？毕业后学生都找了什么工作？以下是人力资源管理专业常见的几个就业方向，供参考?、人力资源管理专业就业前景人力资源管理专业就业方向有哪些，毕业后人力资源管理专业学生会去哪里工作？毕业后学生都找了什么工作？以下是人力资源管理专业常见的几个就业方向，供参考?、人力资源管理专业就业前景在目前这种社会竞争日益激烈的环境下，人力资源行业被越来越多的行业内及业外人士看好，众多业内从业人员也正想方设法的通过一些渠道来提升个人综合能力。因此人力资源在职研究生的学习也成了众多在职人员青睐的渠道之一?、人力资源管理专业就业方向有哪些1、掌握管理学，经济学及人力资源管理的基本理论、基本知识；2、掌握人力资源管理的定性，定量分析方法?、具有较强的语言与文字表达，人际沟通、组织协调及领导的基本能力；4、熟悉与人力资源管理有关的方针、政策及法规?、了解本学科理论前沿与发展动态；6、掌握文献检索、资料查询的基本方法，具有一定科学研究和实际工作能力。人力资源管理专业就业方向有很多，就业前景也比较广阔，但大家还是要在专业上努力学习，争取学习地更深入?、人力资源管理专业就业形式分析人力资源管理专业就业方向：人力资源管理专业学生毕业后可在企事业单位及其咨询机构人力资源管理相关岗位，从事招聘、人力资源开发、考核、薪酬管理、员工培训、办公室文秘等工作。就业岗位：人事专员、人事主管、人事助理、人力资源专员、招聘专员、、人力资源经理、人力资源主管、人事经理、人事行政人员、人事文员、行政助理、行政人事专员等。人力资源管理专业就业前景：在人才竞争趋于全球化的今天，人力资源开发与管理的工作显得格外重要，人才济济固然可贵，然更可贵的还是能把这众多人才管理好的伯乐，人力资源管理就是这样一个专员。从小兵到发号施令的管理者，需要积淀，就像一瓶法国人头马，就是经过岁月的考研才能得到纯正平和、香味浓郁、色泽鲜亮的赞誉。自古以来，人才和钱财都是任何事业滚滚前进的两个车轮。“知人善用，得人心者得天下”，人的管理其实正是一切管理的核心。人力资源管理是所有管理工作中离权利最近的层次，一般工作稳定，上升通道通畅，各单位的人事部门，也是核心要害部门?、人力资源管理专业介绍培养目标：人力资源管理专业主要面向企事业单位、政府公共部门、非营利性组织，培养具备现代人力资源开发和现代企业管理理念，具备经济组织管理、公共事业组织管理、现代经济学、企业法律基础知识，具备现代人力资源管理能力和素质的专门人才。主要课程：人力资源管理、企业薪酬策略与实践、绩效管理与评估、员工招聘与设置、企业个案工作、企业小组工作、企业社会工作、人员培训与开发、户外拓展培训、人员素质测评、工作设计与岗位分析、员工培训与开发就业方向：该专业毕业生可在企事业单位、政府管理部门、社团组织、公共事业单位、非营利性组织等从事人力资源规划、合作分析与职务设计、员工招聘选拔、人才培训与开发、员工素质测评与绩效考核、薪资管理与人员调配、劳动关系管理和劳动组织管理等人力资源管理及咨询工作；人才交流中心、职业介机构和社区等从事代理服务和人事法律咨询等工作。文章转载于微信公众号【呼小金?, , ,0.00278271,-1
102,你后悔选择人力资源工作吗？,https://www.zhihu.com/question/375010303/answer/2455867342,匿名用户,0,2022-04-24T16:55:31.000Z,2022-04-24T16:55:31.000Z,0,0,不后悔，因为当我理解人力资源工作是啥的时候，我已经没得选了。这么说吧，除非你是那种啥都能干也啥都不能干的文科专业，或者你学校出身实在特别好，亦或是你有强到可以直接当饭碗的特长，否则校招时除了本专业对口外也就只能干销售了。所以真心建议大学的时候就想好自己是否想干本专业的工作，想得纠结的话就大二直接出去实习，实习之后一切就都明白了。发现不想干本行的话就赶紧趁着在校生的身份靠实?考证/考研/自学等等方式为转行做好打算，否则校招时候由不得你选?, , ,0.17144603,-1
103,你后悔选择人力资源工作吗？,https://www.zhihu.com/question/375010303/answer/2449640872,小?2,2022-04-20T18:47:41.000Z,2022-04-20T18:47:41.000Z,0,0,,毕业一年后跨专业从事人力资源，从事招聘-社保-员工关系-薪酬等模板，比较综合。在公司一年，也学习了公司的各种制度，包括招聘人员配置，绩效考核，薪资结构，员工关系处理，员工活动组织，激励政策等。所以自我感觉成长还是挺大的。但是难免会遇上奇葩同事，每天和他们打交道真的让人头秃…?, , ,0.25917217,-1
104,你后悔选择人力资源工作吗？,https://www.zhihu.com/question/375010303/answer/2264352063,匿名用户,0,2021-12-09T17:30:24.000Z,2021-12-09T17:30:24.000Z,0,0,后悔，真的很后悔，入错行选错职业真的更浪费时间浪费生命?, , ,0.47376722,0
105,你后悔选择人力资源工作吗？,https://www.zhihu.com/question/375010303/answer/2250031611,加速高?178,2021-11-30T08:42:01.000Z,2021-11-30T08:47:02.000Z,0,0,,导读?1?0日，?6期“名企参访?-人大商学院CHO学会走进比亚迪如期举行，彭老师、欧老师?6名学员一起走进比亚迪。通过参观展厅、体验云T车和主题分享等精彩活动，同学们收获颇丰，活动取得圆满成功。比亚迪成立?995?月，是香港和深圳上市公司，年营业额超千亿人民币，总市值高?千亿元。此次名企参访活动，正是想让同学们更深入地学习比亚迪的成功之道。首先，在比亚迪钟老师、吴老师的带领下，同学们参观了科技展厅。同学们在参观科技展厅同学们在参观科技展厅随后，大家移步到VIP116会议室，参加“比亚迪产业变革与人才管理体系主题分享会”。在分享会上，人大CHO25期学员、比亚迪人力资源部副总经理荀猛同学就比亚迪的产业扩张、发展理念、人才培养等内容进行了精彩分享。人大CHO25期学员： 比亚迪人力资源部副总经理荀猛同学分享在互动环节，人大CHO22期学员、比亚迪人力资源部总经理王珍同学就大家关心的如何挽留关键技术人才等问题进行了深度解答。人大CHO22期学员： 比亚迪人力资源部总经理王珍同学分享加速高商的杨老师也预告了CHO华南学会将继续为大家提供更多交流活动，以保证为CHO企业发现更多关键人才。活动还精心安排了刀片电池实验，同学们现场体验了比亚迪电池的科技实力，并深深地被比亚迪的研发精神所折服。通过一系列的参访活动，同学们深入地了解了比亚迪的产业模式和最新动态，特别是比亚迪在技术研发、技术创新方面的强大实力和领先实践。我们期待未来有机会能进一步推动人大商学院与比亚迪公司进行更多战略性的校企合作。同学们合影留念同时，本次活动得到了加速高商和比亚迪人力资源部团队的大力支持。他们的专业、热情和细心，让同学们深为感动。大家纷纷表达了赞赏和感谢之情，并期待CHO学会的下一次精彩活动！?参访企业业务背景比亚迪一直致力于“用技术创新，满足人们对美好生活的向往”，经过20多年的高速发展，在全球设立了30多个工业园，实现了全球六大洲的战略布局，业务涵盖汽车、轨道交通、新能源和电子等领域?.汽车领域：比亚迪已经掌握电池、IGBT、电机、电控等新能源车核心技术。其新能源车销量连续四年（2015-2018年）全球第一，新能源车运营足迹遍布全?0多个国家和地区?00多个城市?.商用车市场：比亚迪已累计向全球合作伙伴交付超?万辆纯电动巴士，纯电动大客车累计销量全球第一，并占据美国80%以上的纯电动巴士市场份额和英?0%以上的纯电动巴士市场份额?.轨道交通领域：为解决城市交通拥堵问题，比亚迪历?年研发了中运量跨座式单轨“云轨”，历时7年研发了小运量胶轮有轨电车“云巴”?.新能源领域：比亚迪拥有电池、太阳能、储能等丰富产品，具?00%自主研发、设计和生产电池的能力，凭?0多年的不断创新，产品已经覆盖消费?C电池、动力电池（如磷酸铁锂电池和三元电池）以及储能电池等领域?.电子领域：比亚迪是全球领先的智能产品解决方案提供商，为三星、华为、vivo、OPPO、小米、LG等全球知名移动智能终端品牌厂商提供研发、设计、制造、物流、售后等垂直整合的一站式服务。▼人大商学?首席人才官CHO高管项目, , ,0.00120296,-1
106,你后悔选择人力资源工作吗？,https://www.zhihu.com/question/375010303/answer/2196915413,山海不可?3,2021-10-30T04:24:11.000Z,2021-10-30T04:24:11.000Z,0,0,,大学宿舍四人，三个都没干HR。全班大概有三分之一的人选择了转行，剩下的还想看看未来?, , ,0.47376722,0
108,你后悔选择人力资源工作吗？,https://www.zhihu.com/question/375010303/answer/2157874429,九道,2,2021-10-06T23:51:36.000Z,2021-10-06T23:51:36.000Z,0,0,挺好的，万事没有十全十美。原来做的采购和运营管理，但跨行?原来在的传统零售行业不行?采购所有的渠道和供应商资源都用不上了，想收入高些做管理岗不太能达到，运营也一样，一个跨行的小白一下子不能马上带好业务团队。但人力和财务是所有企业的通用岗，换个行业影响基本不会太大，原来做到什么级别基本不会降，当然前提是练好内功换行业后能快速融入?, , ,0.3240562,0
109,你后悔选择人力资源工作吗？,https://www.zhihu.com/question/375010303/answer/2104613095,李公?56,2021-09-05T11:54:35.000Z,2021-09-05T11:54:35.000Z,0,0,,中组部接受采访，就人力资源制度的制定印发和贯彻落实等问题回答了记者提问?, , ,0.47376722,0
110,你后悔选择人力资源工作吗？,https://www.zhihu.com/question/375010303/answer/2096221081,王毛?0,2021-09-01T01:08:53.000Z,2021-09-01T01:08:53.000Z,0,0,,后悔，太后悔?, , ,0.5,0
112,你后悔选择人力资源工作吗？,https://www.zhihu.com/question/375010303/answer/1993672272,白瓢招聘,53,2021-07-12T08:24:33.000Z,2021-07-12T08:24:33.000Z,0,9,HR我太南了1457 播放 · 1 赞同视频HR太南！！！！！光编制度头发就得掉一半。再招几个人，另一半头发也保不住了。大家都是苦难人，资料免费送你们吧，点个赞再来拿哦, , ,0.17329283,-1
113,你后悔选择人力资源工作吗？,https://www.zhihu.com/question/375010303/answer/1978463145,匿名用户,0,2021-07-04T11:56:47.000Z,2021-07-04T11:56:47.000Z,5,0,做人力资源五年，今年是转行的第一年，说实话，很后悔，如果让我再选一次，我一定不会再选，但也有收获，但失去的比获得多。总结原因?.做人力五年很少有开心的时候；2.没法很好的做自己，对于一直想保持初心的小伙伴，请不要选做人力?.经常加班，身体越来越差，任何一家公司人力资源都是需要加班的?.部门氛围不好，做人力的工作压力都非常的大，激素水平容易被扰乱。以上，大概就总结这么多，码了，怕被同事看到?, , ,0.34747304,0
114,你后悔选择人力资源工作吗？,https://www.zhihu.com/question/375010303/answer/1887240980,会飞的鱼,700,2021-05-15T04:35:14.000Z,2021-05-15T04:35:14.000Z,0,0,非常以及十分的后悔！?, , ,0.5,0
115,你后悔选择人力资源工作吗？,https://www.zhihu.com/question/375010303/answer/1880348045,匿名用户,0,2021-05-11T08:16:55.000Z,2021-05-11T08:16:55.000Z,0,0,作为人力资源从业者，工作有强度但是没有难度，与人打交道的工作比较多，上面还有经理或总监罩着，抛头露面的，晋升和薪水也还不错，所以有点小骄傲?0岁至35岁，基本上步入家庭。家庭为人生带来了丰富的生活体验：房贷、车贷、家庭教育、人情往来等等，随之而来的就是资金的压力逐渐增大，生活的重担加上资金的压力，可谓负重前行。那种“钱不够花”的感觉总是会不经意进入我们的大脑回路。这个时候，作为重要收入来源的职业，就成为我们的吐槽对象?, , ,0.3240562,0
116,你后悔选择人力资源工作吗？,https://www.zhihu.com/question/375010303/answer/1847793018,春风,6,2021-04-21T15:24:35.000Z,2021-04-21T15:24:35.000Z,5,0,很多做HR的人是看不到自己的价值的。实际上，做过HR的人是很容易切换赛道发展的。为什么HR看不到自己的价值呢，因为每天琐事缠身，都是做的一些基础性的重复性高的事情，做起来很没有成就感。但其实哪一份工作不辛苦、不繁琐、完全的高大上呢？恐怕没有。再高精尖的项目，还不是得日复一年复一年的重复着一样的事情。但，HR是有能力的。在每天的重复中，HR练就了口头表达能力、解决问题的能力、演讲能力等多种职场的通用技能能力，而这些是很容易迁移到另一个工作上去的，有了这些能力的加持，HR应该比任何人都要适应职业上的赛道切换。这些，基本上都是日常锻炼的，只不过很多人选择项忽视了自己的能力，而一味想着在公司里只能帮人签合同、做做招聘的事情了，完全失去了自己的能力外展，本可以做更多的事情。所以我的目的就是，为每一个学员赋能，让他们主动来链接吧?, , ,0.20337081,-1
117,你后悔选择人力资源工作吗？,https://www.zhihu.com/question/375010303/answer/1844552158,知乎用户4W3Ua7,55,2021-04-20T02:18:06.000Z,2021-04-20T02:18:06.000Z,0,0,如果你感到后悔，证明那从一开始就不是你的选择。真相是，你实际上别无选择，因为世间所有学问都是关于人的学问?, , ,0.3240562,0
118,你后悔选择人力资源工作吗？,https://www.zhihu.com/question/375010303/answer/1837649512,匿名用户,0,2021-04-15T23:42:35.000Z,2021-04-15T23:49:49.000Z,3,0,二本人力资源管理专业，从业第六年，现为省某冷门头部行业hrbp，男。老实?-3年无比后悔，3-5年苦苦挣扎，现在不后悔。我想和所有即将从业的hr?点?，hr是所有企业都需要的，但决定你价值天花板的是行业，其次是岗位。别去小企业别去小企业别去小企业，别相信什么小企业多面手磨练，在大企也有，第一份工作简历无比重要。要么超冷门头部企业，要么尽可能的朝阳行业大厂，朝阳行业指发展快且中高端人才流动快?，有志于长期hr晋升之路的，要有?年冷板凳的觉悟，第一份要么走人资综合岗，要么从甲方招聘专员做起。想走快钱认为自己天资卓越的，从乙方猎头或培训或员工关系起。真不建议从薪酬模块开始，被取代的风险太大?，待的每个地方、行业，请保证自己能有一线业务员的水平。不然你很难上到管理层，当你需要频繁请技术面试官的时候，你会越来越让公司看不起。hr的本质是经营人才?, , ,0.20337081,-1
119,你后悔选择人力资源工作吗？,https://www.zhihu.com/question/375010303/answer/1831329307,匿名用户,0,2021-04-12T08:59:50.000Z,2021-04-12T08:59:50.000Z,0,0,从不后悔，觉得加班累，没成长，不爽就跳啊，难道还有服务期吗？其实有不少公司的HR部门是非常舒服的，比那些做生产研发制造的爽多了，虽然工资少一点，但是可以尽情摸鱼不爽吗？公司的免费健身房，常驻的基本上只有职能部门的，看起来精神状态都不一样。而且啊，你觉得那些制造生产研发的难道学到了什么吗？都是拧螺丝的活而已，有的还有人身危险。别把他们想的太牛逼了，才30出头就满头白发一脸憔悴，如果是我肯定试用期就跑了。不过如果想转码，我也不反对，毕竟这实在给的太多了。而且待遇各方面都强过大部分行业?, , ,0.18688396,-1
120,你后悔选择人力资源工作吗？,https://www.zhihu.com/question/375010303/answer/1831119219,invite,0,2021-04-12T07:14:28.000Z,2021-04-12T07:14:28.000Z,0,0,我和表弟都是网虫，我父母见一个砸一个手机，初中老师见我玩就大发雷霆，成绩从校榜掉落班榜，好歹上个昆理工。而我表弟，父母老师不管，上个大专。同村的青梅竹马十几个，没一个上过高中。活得好吗？我很清楚，我们之间无话不谈?, , ,0.34747304,0
121,你后悔选择人力资源工作吗？,https://www.zhihu.com/question/375010303/answer/1830934231,梦河,3,2021-04-12T05:38:34.000Z,2021-04-12T05:38:34.000Z,2,0,当初学的就是这个专业，毕业后也是干了这行，干了差不多两年，完全没有激情和动力了，已经打算跳出去?, , ,0.44767846,0
122,你后悔选择人力资源工作吗？,https://www.zhihu.com/question/375010303/answer/1830678207,匿名用户,0,2021-04-12T03:11:31.000Z,2021-04-12T03:11:31.000Z,1,0,干一行恨一行，你确定你想转型就能转吗？身边一hr朋友看我干财务基本不加班，工资也还不错，也想转财务，她连最基本的分录都背不下来！考证也永远停留在嘴上哪行干的好都厉害，你要先找清楚自己位置，看看你是否真努力了最后，职业规划很重要！！！！饼还是自己的好?, , ,0.3240562,0
123,你后悔选择人力资源工作吗？,https://www.zhihu.com/question/375010303/answer/1830642374,哦豁,0,2021-04-12T02:54:41.000Z,2021-04-12T02:54:41.000Z,0,0,本人大二人力资源专业在读，感觉上课学不到什么，对未来就业感到迷茫，感觉入错坑了, , ,0.47376722,0
124,你后悔选择人力资源工作吗？,https://www.zhihu.com/question/375010303/answer/1830519616,匿名用户,0,2021-04-12T01:56:06.000Z,2021-04-12T01:56:06.000Z,0,0,谈不上后?只能说随着年龄阅历增长不愿意继续相关专?毕业就从事了hrbp工作 公司规模还行?国内的一家上市公?开始自然是充满憧憬 前期也是活力满满 成长很快 不计较付出和金钱物质回报 更多的是在意能不能让自己助力公司和收获经?这份工作深挖确实有很多门?专业书很?各行业的前辈分享也不?但是能不能实践跟领导和整个公司态度有太大关系了 这两年经常有劳务纠纷的事件曝?许多人吐槽是hr不专?所以从业者应该提高自身云云（后面基本上就开始yxh卖课了）其实小公司不?大公司有多少真不知道劳动法呢 hr哪有决定?哪怕做到hr高管又如?做久了就是深深的失望 对自己也对公?而且说句实话有许多内容真就是硬拗?粉饰的高大上 其实毫无价?当然世界这么?肯定还是有一些公司里面的hr工作是能发挥专业价值的 我只是觉得我不太能遇到了 如果可以 希望自己可以转到专业性技能性更强的方向?, , ,0.03029792,-1
125,你后悔选择人力资源工作吗？,https://www.zhihu.com/question/375010303/answer/1828796379,匿名用户,0,2021-04-11T01:15:08.000Z,2021-04-11T01:15:08.000Z,0,0,会后悔。前途：工作5年后可以看到自己行业天花板在哪里。对于前途迷茫。核心竞争力：这个岗位重复性较大。工作时间久了，会缺乏核心竞争力。重视：在大部分业务部门眼中，我们就是招聘的……培训的……裁员的……没有得到应有的重视?, , ,0.4218746,0
126,你后悔选择人力资源工作吗？,https://www.zhihu.com/question/375010303/answer/1810874136,匿名用户,0,2021-03-31T18:16:47.000Z,2021-03-31T18:16:47.000Z,0,0,后悔了，我太善良了，不够缺德缺心眼，我不适合干人力?, , ,0.5,0
127,你后悔选择人力资源工作吗？,https://www.zhihu.com/question/375010303/answer/1788462735,匿名用户,0,2021-03-19T05:26:39.000Z,2021-03-19T05:26:39.000Z,0,0,后悔。做了四年半没什么可以学的了，成就荣誉变现都是公司最低的部门, , ,0.47376722,0
128,你后悔选择人力资源工作吗？,https://www.zhihu.com/question/375010303/answer/1705196304,匿名用户,0,2021-01-29T16:02:11.000Z,2021-01-29T16:02:11.000Z,3,0,后悔。年末了，作为hrbp参加对接部门的会议。听他们总结：今年上了什么项目，给公司带来多少收益。我觉得他们的工作很有价值。而我作为hr，主要工作是会议后勤。继续，参加部门大领导会议，会上探讨管理心得。都是实打实的管理经验。作为hr，让我给大佬们培训管理技能，心虚。工作这么多年，不觉得自己有什么专业技能。也越来越不喜欢和人打交道。而且内心崇尚技术。可惜我没有。转行迷茫。唯一好处，可能职业生涯长一点，在这?5焦虑的互联网时代?, , ,0.39649037,0
129,你后悔选择人力资源工作吗？,https://www.zhihu.com/question/375010303/answer/1659571409,HR中的小菜?0,2021-01-04T01:07:33.000Z,2021-01-04T01:07:33.000Z,0,0,,如果有更好的选择，可能不会在继续这行，本来也不是所学专业，所以相关的专业能力有限，连个努力的方向都没有，迷茫?, , ,0.47376722,0
130,你后悔选择人力资源工作吗？,https://www.zhihu.com/question/375010303/answer/1518376390,杉杉,0,2020-10-11T09:54:15.000Z,2020-10-11T09:54:15.000Z,1,0,感受一样！在别人眼中的HR就是高大上，其实这个职位的心酸只有自己知道！曾多次想过换行业?, , ,0.4218746,0
131,你后悔选择人力资源工作吗？,https://www.zhihu.com/question/375010303/answer/1499620359,知乎用户,6,2020-09-29T09:36:37.000Z,2020-09-29T09:36:37.000Z,0,0,也谈不上后悔吧，换了其他工作估计还是不喜欢。哪里有理想的工作呢，毕竟我的理想是不工作?, , ,0.47376722,0
132,你后悔选择人力资源工作吗？,https://www.zhihu.com/question/375010303/answer/1481800612,西瓜234,17,2020-09-19T07:06:26.000Z,2020-09-19T07:06:26.000Z,7,0,一个人力资源管理专业毕?年的男生有点后悔，在考虑慢慢转行, , ,0.44767846,0
